Time,Hour,Minute,fridge,ac,heater,dehumidifier,dryer,lighting,washer,transferPump,boosterPump
00:00,0,0,60.0,0.0,0,20,0,41.04912740370878,0.0,0,0
00:01,0,1,61.570078687288316,0.0,0,20,0,44.58545671069473,0.0,0,0
00:02,0,2,63.1358538980296,0.0,0,20,0,40.819537392425765,0.0,0,0
00:03,0,3,64.69303395120693,0.0,0,20,0,47.287997846430216,0.0,0,0
00:04,0,4,66.23735072453277,0.0,0,20,0,40.121649507956,0.0,0,0
00:05,0,5,67.76457135307562,0.0,0,20,0,46.81865473210507,0.0,0,0
00:06,0,6,69.27050983124842,0.0,0,20,0,47.81591224209674,0.0,0,0
00:07,0,7,70.75103848635901,0.0,0,20,0,47.63437113455507,0.0,0,0
00:08,0,8,72.202099292274,0.0,0,20,0,49.87482235472523,0.0,0,0
00:09,0,9,73.6197149921864,0.0,0,20,0,46.8691638100277,0.0,0,0
00:10,0,10,75.0,0.0,0,20,0,41.84308088113381,0.0,0,0
00:11,0,11,76.3391710504508,0.0,0,20,0,46.79671551882731,0.0,0,0
00:12,0,12,77.6335575687742,0.0,0,20,0,40.28313277949368,0.0,0,0
00:13,0,13,78.87961173149512,0.0,0,20,0,48.79445490239455,0.0,0,0
00:14,0,14,80.07391819076574,0.0,0,20,0,43.75133325321753,0.0,0,0
00:15,0,15,81.21320343559643,0.0,0,20,0,47.01510206859061,0.0,0,0
00:16,0,16,82.29434476432182,0.0,0,20,0,44.049636265267125,0.0,0,0
00:17,0,17,83.31437884370912,0.0,0,20,0,41.62715148562394,0.0,0,0
00:18,0,18,84.27050983124843,0.0,0,20,0,41.098305008391584,0.0,0,0
00:19,0,19,85.16011703836271,0.0,0,20,0,44.49832458200154,0.0,0,0
00:20,0,20,85.98076211353316,0.0,0,20,0,46.65071370948483,0.0,0,0
00:21,0,21,86.73019572565103,0.0,0,20,0,42.49582029400335,0.0,0,0
00:22,0,22,87.40636372927803,0.0,0,20,0,45.87553297913034,0.0,0,0
00:23,0,23,88.00741279491605,0.0,0,20,0,48.25703552760662,0.0,0,0
00:24,0,24,88.53169548885461,0.0,0,20,0,47.31809274227812,0.0,0,0
00:25,0,25,88.97777478867205,0.0,0,20,0,47.04861947178231,0.0,0,0
00:26,0,26,89.34442802201417,0.0,0,20,0,46.99574391996185,0.0,0,0
00:27,0,27,89.63065021785414,0.0,0,20,0,49.31909928916798,0.0,0,0
00:28,0,28,89.8356568610482,0.0,0,20,0,46.95279854294785,0.0,0,0
00:29,0,29,89.95888604263722,0.0,0,20,0,43.955601307191124,0.0,0,0
00:30,0,30,90.0,0.0,0,20,0,46.38819909911284,0.0,0,0
00:31,0,31,89.95888604263722,0.0,0,20,0,46.36763556004431,0.0,0,0
00:32,0,32,89.83565686104821,0.0,0,20,0,41.26568281323909,0.0,0,0
00:33,0,33,89.63065021785413,0.0,0,20,0,46.585084909325204,0.0,0,0
00:34,0,34,89.34442802201417,0.0,0,20,0,45.25016950863513,0.0,0,0
00:35,0,35,88.97777478867205,0.0,0,20,0,49.429526587038325,0.0,0,0
00:36,0,36,88.53169548885461,0.0,0,20,0,45.82583286188463,0.0,0,0
00:37,0,37,88.00741279491605,0.0,0,20,0,49.07158343742185,0.0,0,0
00:38,0,38,87.40636372927803,0.0,0,20,0,46.458619671382294,0.0,0,0
00:39,0,39,86.73019572565104,0.0,0,20,0,48.93325761096331,0.0,0,0
00:40,0,40,85.98076211353316,0.0,0,20,0,46.2164630258951,0.0,0,0
00:41,0,41,85.16011703836271,0.0,0,20,0,40.84713837567806,0.0,0,0
00:42,0,42,84.27050983124843,0.0,0,20,0,41.61928676704897,0.0,0,0
00:43,0,43,83.31437884370914,0.0,0,20,0,43.033883754515436,0.0,0,0
00:44,0,44,82.29434476432183,0.0,0,20,0,41.94509967777377,0.0,0,0
00:45,0,45,81.21320343559643,0.0,0,20,0,41.16257692431551,0.0,0,0
00:46,0,46,80.07391819076574,0.0,0,20,0,41.14247254912522,0.0,0,0
00:47,0,47,78.87961173149512,0.0,0,20,0,45.540059432236376,0.0,0,0
00:48,0,48,77.6335575687742,0.0,0,20,0,45.469766932242436,0.0,0,0
00:49,0,49,76.33917105045082,0.0,0,20,0,48.60828040029137,0.0,0,0
00:50,0,50,75.0,0.0,0,20,0,41.33718202565447,0.0,0,0
00:51,0,51,73.6197149921864,0.0,0,20,0,48.69181262988936,0.0,0,0
00:52,0,52,72.202099292274,0.0,0,20,0,48.26951342027597,0.0,0,0
00:53,0,53,70.75103848635902,0.0,0,20,0,40.841796959615436,0.0,0,0
00:54,0,54,69.27050983124843,0.0,0,20,0,40.75635300051522,0.0,0,0
00:55,0,55,67.76457135307562,0.0,0,20,0,42.15216803116792,0.0,0,0
00:56,0,56,66.23735072453277,0.0,0,20,0,45.59119295332449,0.0,0,0
00:57,0,57,64.69303395120693,0.0,0,20,0,47.472895613469966,0.0,0,0
00:58,0,58,63.13585389802961,0.0,0,20,0,46.268815301961745,0.0,0,0
00:59,0,59,61.57007868728833,0.0,0,20,0,48.3328242465511,0.0,0,0
01:00,1,0,60.00000000000001,0.0,0,20,0,24.0,0.0,0,0
01:01,1,1,58.42992131271169,0.0,0,20,0,24.0,0.0,0,0
01:02,1,2,56.8641461019704,0.0,0,20,0,0.0,0.0,0,0
01:03,1,3,55.30696604879308,0.0,0,20,0,0.0,0.0,0,0
01:04,1,4,53.762649275467226,0.0,0,20,0,0.0,0.0,0,0
01:05,1,5,52.23542864692439,0.0,0,20,0,0.0,0.0,0,0
01:06,1,6,50.72949016875157,0.0,0,20,0,0.0,0.0,0,0
01:07,1,7,49.248961513640985,0.0,0,20,0,0.0,0.0,0,0
01:08,1,8,47.79790070772601,0.0,0,20,0,0.0,0.0,0,0
01:09,1,9,46.38028500781361,0.0,0,20,0,0.0,0.0,0,0
01:10,1,10,45.0,0.0,0,20,0,0.0,0.0,0,0
01:11,1,11,43.660828949549185,0.0,0,20,0,0.0,0.0,0,0
01:12,1,12,42.366442431225806,0.0,0,20,0,0.0,0.0,0,0
01:13,1,13,41.12038826850488,0.0,0,20,0,0.0,0.0,0,0
01:14,1,14,39.926081809234255,0.0,0,20,0,0.0,0.0,0,0
01:15,1,15,38.78679656440357,0.0,0,20,0,0.0,0.0,0,0
01:16,1,16,37.70565523567818,0.0,0,20,0,0.0,0.0,0,0
01:17,1,17,36.685621156290864,0.0,0,20,0,0.0,0.0,0,0
01:18,1,18,35.72949016875158,0.0,0,20,0,0.0,0.0,0,0
01:19,1,19,34.83988296163728,0.0,0,20,0,0.0,0.0,0,0
01:20,1,20,34.01923788646685,0.0,0,20,0,0.0,0.0,0,0
01:21,1,21,33.26980427434897,0.0,0,20,0,0.0,0.0,0,0
01:22,1,22,32.59363627072197,0.0,0,20,0,0.0,0.0,0,0
01:23,1,23,31.99258720508395,0.0,0,20,0,0.0,0.0,0,0
01:24,1,24,31.468304511145394,0.0,0,20,0,0.0,0.0,0,0
01:25,1,25,31.02222521132795,0.0,0,20,0,0.0,0.0,0,0
01:26,1,26,30.655571977985833,0.0,0,20,0,0.0,0.0,0,0
01:27,1,27,30.36934978214587,0.0,0,20,0,0.0,0.0,0,0
01:28,1,28,30.1643431389518,0.0,0,20,0,0.0,0.0,0,0
01:29,1,29,30.041113957362782,0.0,0,20,0,0.0,0.0,0,0
01:30,1,30,30.0,0.0,0,20,0,0.0,0.0,0,0
01:31,1,31,30.041113957362782,0.0,0,20,0,0.0,0.0,0,0
01:32,1,32,30.1643431389518,0.0,0,20,0,0.0,0.0,0,0
01:33,1,33,30.369349782145868,0.0,0,20,0,0.0,0.0,0,0
01:34,1,34,30.655571977985833,0.0,0,20,0,0.0,0.0,0,0
01:35,1,35,31.022225211327946,0.0,0,20,0,0.0,0.0,0,0
01:36,1,36,31.46830451114539,0.0,0,20,0,0.0,0.0,0,0
01:37,1,37,31.992587205083947,0.0,0,20,0,0.0,0.0,0,0
01:38,1,38,32.593636270721966,0.0,0,20,0,0.0,0.0,0,0
01:39,1,39,33.26980427434896,0.0,0,20,0,0.0,0.0,0,0
01:40,1,40,34.01923788646684,0.0,0,20,0,0.0,0.0,0,0
01:41,1,41,34.83988296163727,0.0,0,20,0,0.0,0.0,0,0
01:42,1,42,35.729490168751575,0.0,0,20,0,0.0,0.0,0,0
01:43,1,43,36.685621156290864,0.0,0,20,0,0.0,0.0,0,0
01:44,1,44,37.70565523567818,0.0,0,20,0,0.0,0.0,0,0
01:45,1,45,38.78679656440357,0.0,0,20,0,24.0,0.0,0,0
01:46,1,46,39.92608180923423,0.0,0,20,0,24.0,0.0,0,0
01:47,1,47,41.12038826850488,0.0,0,20,0,0.0,0.0,0,0
01:48,1,48,42.3664424312258,0.0,0,20,0,0.0,0.0,0,0
01:49,1,49,43.66082894954919,0.0,0,20,0,0.0,0.0,0,0
01:50,1,50,44.999999999999986,0.0,0,20,0,0.0,0.0,0,0
01:51,1,51,46.38028500781359,0.0,0,20,0,0.0,0.0,0,0
01:52,1,52,47.797900707725994,0.0,0,20,0,0.0,0.0,0,0
01:53,1,53,49.24896151364098,0.0,0,20,0,0.0,0.0,0,0
01:54,1,54,50.72949016875157,0.0,0,20,0,0.0,0.0,0,0
01:55,1,55,52.235428646924376,0.0,0,20,0,0.0,0.0,0,0
01:56,1,56,53.762649275467204,0.0,0,20,0,0.0,0.0,0,0
01:57,1,57,55.306966048793065,0.0,0,20,0,0.0,0.0,0,0
01:58,1,58,56.86414610197037,0.0,0,20,0,0.0,0.0,0,0
01:59,1,59,58.4299213127117,0.0,0,20,0,0.0,0.0,0,0
02:00,2,0,60.0,0.0,0,20,0,24.0,0.0,0,0
02:01,2,1,61.570078687288316,0.0,0,20,0,24.0,0.0,0,0
02:02,2,2,63.1358538980296,0.0,0,20,0,0.0,0.0,0,0
02:03,2,3,64.69303395120693,0.0,0,20,0,0.0,0.0,0,0
02:04,2,4,66.23735072453277,0.0,0,20,0,0.0,0.0,0,0
02:05,2,5,67.76457135307562,0.0,0,20,0,0.0,0.0,0,0
02:06,2,6,69.27050983124842,0.0,0,20,0,0.0,0.0,0,0
02:07,2,7,70.75103848635901,0.0,0,20,0,0.0,0.0,0,0
02:08,2,8,72.202099292274,0.0,0,20,0,0.0,0.0,0,0
02:09,2,9,73.6197149921864,0.0,0,20,0,0.0,0.0,0,0
02:10,2,10,75.0,0.0,0,20,0,0.0,0.0,0,0
02:11,2,11,76.3391710504508,0.0,0,20,0,0.0,0.0,0,0
02:12,2,12,77.6335575687742,0.0,0,20,0,0.0,0.0,0,0
02:13,2,13,78.87961173149512,0.0,0,20,0,0.0,0.0,0,0
02:14,2,14,80.07391819076574,0.0,0,20,0,0.0,0.0,0,0
02:15,2,15,81.21320343559643,0.0,0,20,0,0.0,0.0,0,0
02:16,2,16,82.29434476432182,0.0,0,20,0,0.0,0.0,0,0
02:17,2,17,83.31437884370912,0.0,0,20,0,0.0,0.0,0,0
02:18,2,18,84.27050983124843,0.0,0,20,0,0.0,0.0,0,0
02:19,2,19,85.16011703836271,0.0,0,20,0,0.0,0.0,0,0
02:20,2,20,85.98076211353316,0.0,0,20,0,0.0,0.0,0,0
02:21,2,21,86.73019572565103,0.0,0,20,0,0.0,0.0,0,0
02:22,2,22,87.40636372927803,0.0,0,20,0,0.0,0.0,0,0
02:23,2,23,88.00741279491605,0.0,0,20,0,0.0,0.0,0,0
02:24,2,24,88.53169548885461,0.0,0,20,0,0.0,0.0,0,0
02:25,2,25,88.97777478867205,0.0,0,20,0,0.0,0.0,0,0
02:26,2,26,89.34442802201417,0.0,0,20,0,0.0,0.0,0,0
02:27,2,27,89.63065021785414,0.0,0,20,0,0.0,0.0,0,0
02:28,2,28,89.8356568610482,0.0,0,20,0,0.0,0.0,0,0
02:29,2,29,89.95888604263722,0.0,0,20,0,0.0,0.0,0,0
02:30,2,30,90.0,0.0,0,20,0,0.0,0.0,0,0
02:31,2,31,89.95888604263722,0.0,0,20,0,0.0,0.0,0,0
02:32,2,32,89.83565686104821,0.0,0,20,0,0.0,0.0,0,0
02:33,2,33,89.63065021785413,0.0,0,20,0,0.0,0.0,0,0
02:34,2,34,89.34442802201417,0.0,0,20,0,0.0,0.0,0,0
02:35,2,35,88.97777478867205,0.0,0,20,0,0.0,0.0,0,0
02:36,2,36,88.53169548885461,0.0,0,20,0,0.0,0.0,0,0
02:37,2,37,88.00741279491605,0.0,0,20,0,0.0,0.0,0,0
02:38,2,38,87.40636372927803,0.0,0,20,0,0.0,0.0,0,0
02:39,2,39,86.73019572565104,0.0,0,20,0,0.0,0.0,0,0
02:40,2,40,85.98076211353316,0.0,0,20,0,0.0,0.0,0,0
02:41,2,41,85.16011703836271,0.0,0,20,0,0.0,0.0,0,0
02:42,2,42,84.27050983124843,0.0,0,20,0,0.0,0.0,0,0
02:43,2,43,83.31437884370914,0.0,0,20,0,0.0,0.0,0,0
02:44,2,44,82.29434476432183,0.0,0,20,0,0.0,0.0,0,0
02:45,2,45,81.21320343559643,0.0,0,20,0,24.0,0.0,0,0
02:46,2,46,80.07391819076574,0.0,0,20,0,24.0,0.0,0,0
02:47,2,47,78.87961173149512,0.0,0,20,0,0.0,0.0,0,0
02:48,2,48,77.6335575687742,0.0,0,20,0,0.0,0.0,0,0
02:49,2,49,76.33917105045082,0.0,0,20,0,0.0,0.0,0,0
02:50,2,50,75.0,0.0,0,20,0,0.0,0.0,0,0
02:51,2,51,73.6197149921864,0.0,0,20,0,0.0,0.0,0,0
02:52,2,52,72.202099292274,0.0,0,20,0,0.0,0.0,0,0
02:53,2,53,70.75103848635902,0.0,0,20,0,0.0,0.0,0,0
02:54,2,54,69.27050983124843,0.0,0,20,0,0.0,0.0,0,0
02:55,2,55,67.76457135307562,0.0,0,20,0,0.0,0.0,0,0
02:56,2,56,66.23735072453277,0.0,0,20,0,0.0,0.0,0,0
02:57,2,57,64.69303395120693,0.0,0,20,0,0.0,0.0,0,0
02:58,2,58,63.13585389802961,0.0,0,20,0,0.0,0.0,0,0
02:59,2,59,61.57007868728833,0.0,0,20,0,0.0,0.0,0,0
03:00,3,0,60.00000000000001,0.0,4000,20,0,24.0,0.0,0,0
03:01,3,1,58.42992131271169,0.0,4000,20,0,24.0,0.0,0,0
03:02,3,2,56.8641461019704,0.0,4000,20,0,0.0,0.0,0,0
03:03,3,3,55.30696604879308,0.0,4000,20,0,0.0,0.0,0,0
03:04,3,4,53.762649275467226,0.0,4000,20,0,0.0,0.0,0,0
03:05,3,5,52.23542864692439,0.0,4000,20,0,0.0,0.0,0,0
03:06,3,6,50.72949016875157,0.0,4000,20,0,0.0,0.0,0,0
03:07,3,7,49.248961513640985,0.0,4000,20,0,0.0,0.0,0,0
03:08,3,8,47.79790070772601,0.0,4000,20,0,0.0,0.0,0,0
03:09,3,9,46.38028500781361,0.0,4000,20,0,0.0,0.0,0,0
03:10,3,10,45.0,0.0,4000,20,0,0.0,0.0,0,0
03:11,3,11,43.660828949549185,0.0,4000,20,0,0.0,0.0,0,0
03:12,3,12,42.366442431225806,0.0,4000,20,0,0.0,0.0,0,0
03:13,3,13,41.12038826850488,0.0,4000,20,0,0.0,0.0,0,0
03:14,3,14,39.926081809234255,0.0,4000,20,0,0.0,0.0,0,0
03:15,3,15,38.78679656440357,0.0,4000,20,0,0.0,0.0,0,0
03:16,3,16,37.70565523567818,0.0,0,20,0,0.0,0.0,0,0
03:17,3,17,36.685621156290864,0.0,0,20,0,0.0,0.0,0,0
03:18,3,18,35.72949016875158,0.0,0,20,0,0.0,0.0,0,0
03:19,3,19,34.83988296163728,0.0,0,20,0,0.0,0.0,0,0
03:20,3,20,34.01923788646685,0.0,0,20,0,0.0,0.0,0,0
03:21,3,21,33.26980427434897,0.0,0,20,0,0.0,0.0,0,0
03:22,3,22,32.59363627072197,0.0,0,20,0,0.0,0.0,0,0
03:23,3,23,31.99258720508395,0.0,0,20,0,0.0,0.0,0,0
03:24,3,24,31.468304511145394,0.0,0,20,0,0.0,0.0,0,0
03:25,3,25,31.02222521132795,0.0,0,20,0,0.0,0.0,0,0
03:26,3,26,30.655571977985833,0.0,0,20,0,0.0,0.0,0,0
03:27,3,27,30.36934978214587,0.0,0,20,0,0.0,0.0,0,0
03:28,3,28,30.1643431389518,0.0,0,20,0,0.0,0.0,0,0
03:29,3,29,30.041113957362782,0.0,0,20,0,0.0,0.0,0,0
03:30,3,30,30.0,0.0,0,20,0,0.0,0.0,0,0
03:31,3,31,30.041113957362782,0.0,0,20,0,0.0,0.0,0,0
03:32,3,32,30.1643431389518,0.0,0,20,0,0.0,0.0,0,0
03:33,3,33,30.369349782145868,0.0,0,20,0,0.0,0.0,0,0
03:34,3,34,30.655571977985833,0.0,0,20,0,0.0,0.0,0,0
03:35,3,35,31.022225211327946,0.0,0,20,0,0.0,0.0,0,0
03:36,3,36,31.46830451114539,0.0,0,20,0,0.0,0.0,0,0
03:37,3,37,31.992587205083947,0.0,0,20,0,0.0,0.0,0,0
03:38,3,38,32.593636270721966,0.0,0,20,0,0.0,0.0,0,0
03:39,3,39,33.26980427434896,0.0,0,20,0,0.0,0.0,0,0
03:40,3,40,34.01923788646684,0.0,0,20,0,0.0,0.0,0,0
03:41,3,41,34.83988296163727,0.0,0,20,0,0.0,0.0,0,0
03:42,3,42,35.729490168751575,0.0,0,20,0,0.0,0.0,0,0
03:43,3,43,36.685621156290864,0.0,0,20,0,0.0,0.0,0,0
03:44,3,44,37.70565523567818,0.0,0,20,0,0.0,0.0,0,0
03:45,3,45,38.78679656440357,0.0,0,20,0,24.0,0.0,0,0
03:46,3,46,39.92608180923423,0.0,0,20,0,24.0,0.0,0,0
03:47,3,47,41.12038826850488,0.0,0,20,0,0.0,0.0,0,0
03:48,3,48,42.3664424312258,0.0,0,20,0,0.0,0.0,0,0
03:49,3,49,43.66082894954919,0.0,0,20,0,0.0,0.0,0,0
03:50,3,50,44.999999999999986,0.0,0,20,0,0.0,0.0,0,0
03:51,3,51,46.38028500781359,0.0,0,20,0,0.0,0.0,0,0
03:52,3,52,47.797900707725994,0.0,0,20,0,0.0,0.0,0,0
03:53,3,53,49.24896151364098,0.0,0,20,0,0.0,0.0,0,0
03:54,3,54,50.72949016875157,0.0,0,20,0,0.0,0.0,0,0
03:55,3,55,52.235428646924376,0.0,0,20,0,0.0,0.0,0,0
03:56,3,56,53.762649275467204,0.0,0,20,0,0.0,0.0,0,0
03:57,3,57,55.306966048793065,0.0,0,20,0,0.0,0.0,0,0
03:58,3,58,56.86414610197037,0.0,0,20,0,0.0,0.0,0,0
03:59,3,59,58.4299213127117,0.0,0,20,0,0.0,0.0,0,0
04:00,4,0,300.0,0.0,0,20,0,24.0,0.0,0,0
04:01,4,1,300.0,0.0,0,20,0,24.0,0.0,0,0
04:02,4,2,300.0,0.0,0,20,0,0.0,0.0,0,0
04:03,4,3,300.0,0.0,0,20,0,0.0,0.0,0,0
04:04,4,4,300.0,0.0,0,20,0,0.0,0.0,0,0
04:05,4,5,300.0,0.0,0,20,0,0.0,0.0,0,0
04:06,4,6,300.0,0.0,0,20,0,0.0,0.0,0,0
04:07,4,7,300.0,0.0,0,20,0,0.0,0.0,0,0
04:08,4,8,300.0,0.0,0,20,0,0.0,0.0,0,0
04:09,4,9,300.0,0.0,0,20,0,0.0,0.0,0,0
04:10,4,10,300.0,0.0,0,20,0,0.0,0.0,0,0
04:11,4,11,300.0,0.0,0,20,0,0.0,0.0,0,0
04:12,4,12,300.0,0.0,0,20,0,0.0,0.0,0,0
04:13,4,13,300.0,0.0,0,20,0,0.0,0.0,0,0
04:14,4,14,300.0,0.0,0,20,0,0.0,0.0,0,0
04:15,4,15,300.0,0.0,0,20,0,0.0,0.0,0,0
04:16,4,16,300.0,0.0,0,20,0,0.0,0.0,0,0
04:17,4,17,300.0,0.0,0,20,0,0.0,0.0,0,0
04:18,4,18,300.0,0.0,0,20,0,0.0,0.0,0,0
04:19,4,19,300.0,0.0,0,20,0,0.0,0.0,0,0
04:20,4,20,5.0,0.0,0,20,0,0.0,0.0,0,0
04:21,4,21,5.0,0.0,0,20,0,0.0,0.0,0,0
04:22,4,22,5.0,0.0,0,20,0,0.0,0.0,0,0
04:23,4,23,5.0,0.0,0,20,0,0.0,0.0,0,0
04:24,4,24,5.0,0.0,0,20,0,0.0,0.0,0,0
04:25,4,25,5.0,0.0,0,20,0,0.0,0.0,0,0
04:26,4,26,5.0,0.0,0,20,0,0.0,0.0,0,0
04:27,4,27,5.0,0.0,0,20,0,0.0,0.0,0,0
04:28,4,28,5.0,0.0,0,20,0,0.0,0.0,0,0
04:29,4,29,5.0,0.0,0,20,0,0.0,0.0,0,0
04:30,4,30,5.0,0.0,0,20,0,0.0,0.0,0,0
04:31,4,31,5.0,0.0,0,20,0,0.0,0.0,0,0
04:32,4,32,5.0,0.0,0,20,0,0.0,0.0,0,0
04:33,4,33,5.0,0.0,0,20,0,0.0,0.0,0,0
04:34,4,34,5.0,0.0,0,20,0,0.0,0.0,0,0
04:35,4,35,88.97777478867205,0.0,0,20,0,0.0,0.0,0,0
04:36,4,36,88.53169548885461,0.0,0,20,0,0.0,0.0,0,0
04:37,4,37,88.00741279491605,0.0,0,20,0,0.0,0.0,0,0
04:38,4,38,87.40636372927803,0.0,0,20,0,0.0,0.0,0,0
04:39,4,39,86.73019572565104,0.0,0,20,0,0.0,0.0,0,0
04:40,4,40,85.98076211353316,0.0,0,20,0,0.0,0.0,0,0
04:41,4,41,85.16011703836271,0.0,0,20,0,0.0,0.0,0,0
04:42,4,42,84.27050983124843,0.0,0,20,0,0.0,0.0,0,0
04:43,4,43,83.31437884370914,0.0,0,20,0,0.0,0.0,0,0
04:44,4,44,82.29434476432183,0.0,0,20,0,0.0,0.0,0,0
04:45,4,45,81.21320343559643,0.0,0,20,0,24.0,0.0,0,0
04:46,4,46,80.07391819076574,0.0,0,20,0,24.0,0.0,0,0
04:47,4,47,78.87961173149512,0.0,0,20,0,0.0,0.0,0,0
04:48,4,48,77.6335575687742,0.0,0,20,0,0.0,0.0,0,0
04:49,4,49,76.33917105045082,0.0,0,20,0,0.0,0.0,0,0
04:50,4,50,75.0,0.0,0,20,0,0.0,0.0,0,0
04:51,4,51,73.6197149921864,0.0,0,20,0,0.0,0.0,0,0
04:52,4,52,72.202099292274,0.0,0,20,0,0.0,0.0,0,0
04:53,4,53,70.75103848635902,0.0,0,20,0,0.0,0.0,0,0
04:54,4,54,69.27050983124843,0.0,0,20,0,0.0,0.0,0,0
04:55,4,55,67.76457135307562,0.0,0,20,0,0.0,0.0,0,0
04:56,4,56,66.23735072453277,0.0,0,20,0,0.0,0.0,0,0
04:57,4,57,64.69303395120693,0.0,0,20,0,0.0,0.0,0,0
04:58,4,58,63.13585389802961,0.0,0,20,0,0.0,0.0,0,0
04:59,4,59,61.57007868728833,0.0,0,20,0,0.0,0.0,0,0
05:00,5,0,60.00000000000001,0.0,0,20,0,24.0,0.0,0,0
05:01,5,1,58.42992131271169,0.0,0,20,0,24.0,0.0,0,0
05:02,5,2,56.8641461019704,0.0,0,20,0,0.0,0.0,0,0
05:03,5,3,55.30696604879308,0.0,0,20,0,0.0,0.0,0,0
05:04,5,4,53.762649275467226,0.0,0,20,0,0.0,0.0,0,0
05:05,5,5,52.23542864692439,0.0,0,20,0,0.0,0.0,0,0
05:06,5,6,50.72949016875157,0.0,0,20,0,0.0,0.0,0,0
05:07,5,7,49.248961513640985,0.0,0,20,0,0.0,0.0,0,0
05:08,5,8,47.79790070772601,0.0,0,20,0,0.0,0.0,0,0
05:09,5,9,46.38028500781361,0.0,0,20,0,0.0,0.0,0,0
05:10,5,10,45.0,0.0,0,20,0,0.0,0.0,0,0
05:11,5,11,43.660828949549185,0.0,0,20,0,0.0,0.0,0,0
05:12,5,12,42.366442431225806,0.0,0,20,0,0.0,0.0,0,0
05:13,5,13,41.12038826850488,0.0,0,20,0,0.0,0.0,0,0
05:14,5,14,39.926081809234255,0.0,0,20,0,0.0,0.0,0,0
05:15,5,15,38.78679656440357,0.0,0,20,0,0.0,0.0,0,0
05:16,5,16,37.70565523567818,0.0,0,20,0,0.0,0.0,0,0
05:17,5,17,36.685621156290864,0.0,0,20,0,0.0,0.0,0,0
05:18,5,18,35.72949016875158,0.0,0,20,0,0.0,0.0,0,0
05:19,5,19,34.83988296163728,0.0,0,20,0,0.0,0.0,0,0
05:20,5,20,34.01923788646685,0.0,0,20,0,0.0,0.0,0,0
05:21,5,21,33.26980427434897,0.0,0,20,0,0.0,0.0,0,0
05:22,5,22,32.59363627072197,0.0,0,20,0,0.0,0.0,0,0
05:23,5,23,31.99258720508395,0.0,0,20,0,0.0,0.0,0,0
05:24,5,24,31.468304511145394,0.0,0,20,0,0.0,0.0,0,0
05:25,5,25,31.02222521132795,0.0,0,20,0,0.0,0.0,0,0
05:26,5,26,30.655571977985833,0.0,0,20,0,0.0,0.0,0,0
05:27,5,27,30.36934978214587,0.0,0,20,0,0.0,0.0,0,0
05:28,5,28,30.1643431389518,0.0,0,20,0,0.0,0.0,0,0
05:29,5,29,30.041113957362782,0.0,0,20,0,0.0,0.0,0,0
05:30,5,30,30.0,0.0,0,20,0,0.0,0.0,0,0
05:31,5,31,30.041113957362782,0.0,0,20,0,0.0,0.0,0,0
05:32,5,32,30.1643431389518,0.0,0,20,0,0.0,0.0,0,0
05:33,5,33,30.369349782145868,0.0,0,20,0,0.0,0.0,0,0
05:34,5,34,30.655571977985833,0.0,0,20,0,0.0,0.0,0,0
05:35,5,35,31.022225211327946,0.0,0,20,0,0.0,0.0,0,0
05:36,5,36,31.46830451114539,0.0,0,20,0,0.0,0.0,0,0
05:37,5,37,31.992587205083947,0.0,0,20,0,0.0,0.0,0,0
05:38,5,38,32.593636270721966,0.0,0,20,0,0.0,0.0,0,0
05:39,5,39,33.26980427434896,0.0,0,20,0,0.0,0.0,0,0
05:40,5,40,34.01923788646684,0.0,0,20,0,0.0,0.0,0,0
05:41,5,41,34.83988296163727,0.0,0,20,0,0.0,0.0,0,0
05:42,5,42,35.729490168751575,0.0,0,20,0,0.0,0.0,0,0
05:43,5,43,36.685621156290864,0.0,0,20,0,0.0,0.0,0,0
05:44,5,44,37.70565523567818,0.0,0,20,0,0.0,0.0,0,0
05:45,5,45,38.78679656440357,0.0,0,20,0,24.0,0.0,0,0
05:46,5,46,39.92608180923423,0.0,0,20,0,24.0,0.0,0,0
05:47,5,47,41.12038826850488,0.0,0,20,0,0.0,0.0,0,0
05:48,5,48,42.3664424312258,0.0,0,20,0,0.0,0.0,0,0
05:49,5,49,43.66082894954919,0.0,0,20,0,0.0,0.0,0,0
05:50,5,50,44.999999999999986,0.0,0,20,0,0.0,0.0,0,0
05:51,5,51,46.38028500781359,0.0,0,20,0,0.0,0.0,0,0
05:52,5,52,47.797900707725994,0.0,0,20,0,0.0,0.0,0,0
05:53,5,53,49.24896151364098,0.0,0,20,0,0.0,0.0,0,0
05:54,5,54,50.72949016875157,0.0,0,20,0,0.0,0.0,0,0
05:55,5,55,52.235428646924376,0.0,0,20,0,0.0,0.0,0,0
05:56,5,56,53.762649275467204,0.0,0,20,0,0.0,0.0,0,0
05:57,5,57,55.306966048793065,0.0,0,20,0,0.0,0.0,0,0
05:58,5,58,56.86414610197037,0.0,0,20,0,0.0,0.0,0,0
05:59,5,59,58.4299213127117,0.0,0,20,0,0.0,0.0,0,0
06:00,6,0,60.0,0.0,0,20,0,104.66074388417638,0.0,0,0
06:01,6,1,61.570078687288316,0.0,0,20,0,101.30828539650032,0.0,0,0
06:02,6,2,63.1358538980296,0.0,0,20,0,104.8782406958711,0.0,0,0
06:03,6,3,64.69303395120693,0.0,0,20,0,114.66304227297411,0.0,0,0
06:04,6,4,66.23735072453277,0.0,0,20,0,105.05089353934278,0.0,0,0
06:05,6,5,67.76457135307562,0.0,0,20,0,103.13339633701811,0.0,0,0
06:06,6,6,69.27050983124842,0.0,0,20,0,110.83504598915248,0.0,0,0
06:07,6,7,70.75103848635901,0.0,0,20,0,110.3068069754356,0.0,0,0
06:08,6,8,72.202099292274,0.0,0,20,0,103.15504841449447,0.0,0,0
06:09,6,9,73.6197149921864,0.0,0,20,0,110.59880715996368,0.0,0,0
06:10,6,10,75.0,0.0,0,20,0,114.38199278366946,0.0,0,0
06:11,6,11,76.3391710504508,0.0,0,20,0,113.26111899857412,0.0,0,0
06:12,6,12,77.6335575687742,0.0,0,20,0,102.79474745168032,0.0,0,0
06:13,6,13,78.87961173149512,0.0,0,20,0,112.68318101118668,0.0,0,0
06:14,6,14,80.07391819076574,0.0,0,20,0,101.92639318237941,0.0,0,0
06:15,6,15,81.21320343559643,0.0,0,20,0,112.40206073637697,0.0,0,0
06:16,6,16,82.29434476432182,0.0,0,20,0,112.29525213566491,0.0,0,0
06:17,6,17,83.31437884370912,0.0,0,20,0,103.87218933827073,0.0,0,0
06:18,6,18,84.27050983124843,0.0,0,20,0,106.7910390295183,0.0,0,0
06:19,6,19,85.16011703836271,0.0,0,20,0,104.4607069463882,0.0,0,0
06:20,6,20,85.98076211353316,0.0,0,20,0,103.05208789204403,0.0,0,0
06:21,6,21,86.73019572565103,0.0,0,20,0,102.60408767175504,0.0,0,0
06:22,6,22,87.40636372927803,0.0,0,20,0,106.6181284275287,0.0,0,0
06:23,6,23,88.00741279491605,0.0,0,20,0,104.87727172770288,0.0,0,0
06:24,6,24,88.53169548885461,0.0,0,20,0,106.5150973229701,0.0,0,0
06:25,6,25,88.97777478867205,0.0,0,20,0,103.20629002390483,0.0,0,0
06:26,6,26,89.34442802201417,0.0,0,20,0,106.36396590879775,0.0,0,0
06:27,6,27,89.63065021785414,0.0,0,20,0,100.8123835604935,0.0,0,0
06:28,6,28,89.8356568610482,0.0,0,20,0,100.1440078743258,0.0,0,0
06:29,6,29,89.95888604263722,0.0,0,20,0,106.58360985806081,0.0,0,0
06:30,6,30,90.0,0.0,0,20,0,109.42075523179672,0.0,0,0
06:31,6,31,89.95888604263722,0.0,0,20,0,114.77530629749072,0.0,0,0
06:32,6,32,89.83565686104821,0.0,0,20,0,110.23405018467652,0.0,0,0
06:33,6,33,89.63065021785413,0.0,0,20,0,107.19067217838972,0.0,0,0
06:34,6,34,89.34442802201417,0.0,0,20,0,106.41139237073722,0.0,0,0
06:35,6,35,88.97777478867205,0.0,0,20,0,111.31643526859645,0.0,0,0
06:36,6,36,88.53169548885461,0.0,0,20,0,114.15085828780289,0.0,0,0
06:37,6,37,88.00741279491605,0.0,0,20,0,110.18155571934132,0.0,0,0
06:38,6,38,87.40636372927803,0.0,0,20,0,100.23038313153185,0.0,0,0
06:39,6,39,86.73019572565104,0.0,0,20,0,114.94384573013083,0.0,0,0
06:40,6,40,85.98076211353316,0.0,0,20,0,100.09944409915282,0.0,0,0
06:41,6,41,85.16011703836271,0.0,0,20,0,114.62769299161737,0.0,0,0
06:42,6,42,84.27050983124843,0.0,0,20,0,110.46306227332967,0.0,0,0
06:43,6,43,83.31437884370914,0.0,0,20,0,114.46098261898638,0.0,0,0
06:44,6,44,82.29434476432183,0.0,0,20,0,111.23947092072233,0.0,0,0
06:45,6,45,81.21320343559643,0.0,0,20,0,108.58184658066094,0.0,0,0
06:46,6,46,80.07391819076574,0.0,0,20,0,108.84139806962254,0.0,0,0
06:47,6,47,78.87961173149512,0.0,0,20,0,110.89590978458449,0.0,0,0
06:48,6,48,77.6335575687742,0.0,0,20,0,106.07130263029326,0.0,0,0
06:49,6,49,76.33917105045082,0.0,0,20,0,104.08406139708907,0.0,0,0
06:50,6,50,75.0,0.0,0,20,0,101.80098151585145,0.0,0,0
06:51,6,51,73.6197149921864,0.0,0,20,0,105.27313568047686,0.0,0,0
06:52,6,52,72.202099292274,0.0,0,20,0,108.96141266169904,0.0,0,0
06:53,6,53,70.75103848635902,0.0,0,20,0,113.71997336928686,0.0,0,0
06:54,6,54,69.27050983124843,0.0,0,20,0,103.76871421065913,0.0,0,0
06:55,6,55,67.76457135307562,0.0,0,20,0,100.33679566813416,0.0,0,0
06:56,6,56,66.23735072453277,0.0,0,20,0,106.60732752281086,0.0,0,0
06:57,6,57,64.69303395120693,0.0,0,20,0,102.96870490475531,0.0,0,0
06:58,6,58,63.13585389802961,0.0,0,20,0,105.75006304835101,0.0,0,0
06:59,6,59,61.57007868728833,0.0,0,20,0,104.47309281787923,0.0,0,0
07:00,7,0,60.00000000000001,0.0,0,20,0,103.51610426294329,0.0,0,0
07:01,7,1,58.42992131271169,0.0,0,20,0,108.02572932840363,0.0,0,0
07:02,7,2,56.8641461019704,0.0,0,20,0,100.1691880360255,0.0,0,0
07:03,7,3,55.30696604879308,0.0,0,20,0,107.96998971574735,0.0,0,0
07:04,7,4,53.762649275467226,0.0,0,20,0,106.59831490763335,0.0,0,0
07:05,7,5,52.23542864692439,0.0,0,20,0,102.78163157346866,0.0,0,0
07:06,7,6,50.72949016875157,0.0,0,20,0,110.22085322356303,0.0,0,0
07:07,7,7,49.248961513640985,0.0,0,20,0,100.42826833910745,0.0,0,0
07:08,7,8,47.79790070772601,0.0,0,20,0,106.94909151580096,0.0,0,0
07:09,7,9,46.38028500781361,0.0,0,20,0,112.94666809391752,0.0,0,0
07:10,7,10,45.0,0.0,0,20,0,101.54512769037377,0.0,0,0
07:11,7,11,43.660828949549185,0.0,0,20,0,112.06731750919215,0.0,0,0
07:12,7,12,42.366442431225806,0.0,0,20,0,104.30636651770189,0.0,0,0
07:13,7,13,41.12038826850488,0.0,0,20,0,111.95693623256146,0.0,0,0
07:14,7,14,39.926081809234255,0.0,0,20,0,108.0138643293032,0.0,0,0
07:15,7,15,38.78679656440357,0.0,0,20,0,110.6098439339234,0.0,0,0
07:16,7,16,37.70565523567818,0.0,0,20,0,103.80376737418639,0.0,0,0
07:17,7,17,36.685621156290864,0.0,0,20,0,114.41788378331887,0.0,0,0
07:18,7,18,35.72949016875158,0.0,0,20,0,105.73365460274997,0.0,0,0
07:19,7,19,34.83988296163728,0.0,0,20,0,107.18329635041638,0.0,0,0
07:20,7,20,34.01923788646685,0.0,0,20,0,108.88116644883455,0.0,0,0
07:21,7,21,33.26980427434897,0.0,0,20,0,104.6597736465959,0.0,0,0
07:22,7,22,32.59363627072197,0.0,0,20,0,100.86998822513884,0.0,0,0
07:23,7,23,31.99258720508395,0.0,0,20,0,114.33028453495373,0.0,0,0
07:24,7,24,31.468304511145394,0.0,0,20,0,107.33749781905411,0.0,0,0
07:25,7,25,31.02222521132795,0.0,0,20,0,108.32983799506951,0.0,0,0
07:26,7,26,30.655571977985833,0.0,0,20,0,113.39421829517241,0.0,0,0
07:27,7,27,30.36934978214587,0.0,0,20,0,102.50839888604199,0.0,0,0
07:28,7,28,30.1643431389518,0.0,0,20,0,114.00785517135999,0.0,0,0
07:29,7,29,30.041113957362782,0.0,0,20,0,100.22987392837011,0.0,0,0
07:30,7,30,30.0,0.0,4000,20,0,104.31306696890613,0.0,0,350
07:31,7,31,30.041113957362782,0.0,4000,20,0,103.28124652227572,0.0,0,350
07:32,7,32,30.1643431389518,0.0,4000,20,0,112.41959498916803,0.0,0,0
07:33,7,33,30.369349782145868,0.0,4000,20,0,106.42122535912635,0.0,0,0
07:34,7,34,30.655571977985833,0.0,4000,20,0,100.23021708772598,0.0,0,0
07:35,7,35,31.022225211327946,0.0,4000,20,0,104.61609134408195,0.0,0,0
07:36,7,36,31.46830451114539,0.0,4000,20,0,113.53048256958579,0.0,0,350
07:37,7,37,31.992587205083947,0.0,4000,20,0,112.15835096398384,0.0,0,350
07:38,7,38,32.593636270721966,0.0,4000,20,0,111.88624216113604,0.0,0,0
07:39,7,39,33.26980427434896,0.0,4000,20,0,109.52092244091696,0.0,0,0
07:40,7,40,34.01923788646684,0.0,4000,20,0,106.6488211105258,0.0,0,0
07:41,7,41,34.83988296163727,0.0,4000,20,0,103.58843880224701,0.0,0,0
07:42,7,42,35.729490168751575,0.0,4000,20,0,101.91291707267658,0.0,0,350
07:43,7,43,36.685621156290864,0.0,4000,20,0,112.88755161175449,0.0,0,350
07:44,7,44,37.70565523567818,0.0,4000,20,0,102.54811263628758,0.0,0,0
07:45,7,45,38.78679656440357,0.0,4000,20,0,113.65120817305953,0.0,0,0
07:46,7,46,39.92608180923423,0.0,4000,20,0,114.7972316387699,0.0,0,0
07:47,7,47,41.12038826850488,0.0,4000,20,0,108.19852860202774,0.0,0,0
07:48,7,48,42.3664424312258,0.0,4000,20,0,102.17167963620003,0.0,0,350
07:49,7,49,43.66082894954919,0.0,4000,20,0,100.79492691378755,0.0,0,350
07:50,7,50,44.999999999999986,0.0,4000,20,0,104.80688160011518,0.0,0,0
07:51,7,51,46.38028500781359,0.0,4000,20,0,113.83042327235954,0.0,0,0
07:52,7,52,47.797900707725994,0.0,4000,20,0,108.06015758213006,0.0,0,0
07:53,7,53,49.24896151364098,0.0,4000,20,0,112.58986549481331,0.0,0,0
07:54,7,54,50.72949016875157,0.0,4000,20,0,109.97394342125011,0.0,0,350
07:55,7,55,52.235428646924376,0.0,4000,20,0,108.74376182554992,0.0,0,350
07:56,7,56,53.762649275467204,0.0,4000,20,0,104.14443533328276,0.0,0,0
07:57,7,57,55.306966048793065,0.0,4000,20,0,104.81679836937765,0.0,0,0
07:58,7,58,56.86414610197037,0.0,4000,20,0,108.57587365089523,0.0,0,0
07:59,7,59,58.4299213127117,0.0,4000,20,0,105.7208239464855,0.0,0,0
08:00,8,0,60.0,0.0,0,800,0,24.0,0.0,0,350
08:01,8,1,61.570078687288316,0.0,0,250,0,24.0,0.0,0,350
08:02,8,2,63.1358538980296,0.0,0,250,0,0.0,0.0,0,0
08:03,8,3,64.69303395120693,0.0,0,250,0,0.0,0.0,0,0
08:04,8,4,66.23735072453277,0.0,0,250,0,0.0,0.0,0,0
08:05,8,5,67.76457135307562,0.0,0,250,0,0.0,0.0,0,0
08:06,8,6,69.27050983124842,0.0,0,250,0,0.0,0.0,0,350
08:07,8,7,70.75103848635901,0.0,0,250,0,0.0,0.0,0,350
08:08,8,8,72.202099292274,0.0,0,250,0,0.0,0.0,0,0
08:09,8,9,73.6197149921864,0.0,0,250,0,0.0,0.0,0,0
08:10,8,10,75.0,0.0,0,250,0,0.0,0.0,0,0
08:11,8,11,76.3391710504508,0.0,0,250,0,0.0,0.0,0,0
08:12,8,12,77.6335575687742,0.0,0,250,0,0.0,0.0,0,350
08:13,8,13,78.87961173149512,0.0,0,250,0,0.0,0.0,0,350
08:14,8,14,80.07391819076574,0.0,0,250,0,0.0,0.0,0,0
08:15,8,15,81.21320343559643,0.0,0,250,0,0.0,0.0,0,0
08:16,8,16,82.29434476432182,0.0,0,250,0,0.0,0.0,0,0
08:17,8,17,83.31437884370912,0.0,0,250,0,0.0,0.0,0,0
08:18,8,18,84.27050983124843,0.0,0,250,0,0.0,0.0,0,350
08:19,8,19,85.16011703836271,0.0,0,250,0,0.0,0.0,0,350
08:20,8,20,85.98076211353316,0.0,0,250,0,0.0,0.0,0,0
08:21,8,21,86.73019572565103,0.0,0,250,0,0.0,0.0,0,0
08:22,8,22,87.40636372927803,0.0,0,250,0,0.0,0.0,0,0
08:23,8,23,88.00741279491605,0.0,0,250,0,0.0,0.0,0,0
08:24,8,24,88.53169548885461,0.0,0,250,0,0.0,0.0,0,350
08:25,8,25,88.97777478867205,0.0,0,250,0,0.0,0.0,0,350
08:26,8,26,89.34442802201417,0.0,0,250,0,0.0,0.0,0,0
08:27,8,27,89.63065021785414,0.0,0,250,0,0.0,0.0,0,0
08:28,8,28,89.8356568610482,0.0,0,250,0,0.0,0.0,0,0
08:29,8,29,89.95888604263722,0.0,0,250,0,0.0,0.0,0,0
08:30,8,30,90.0,0.0,0,250,0,0.0,0.0,1850,350
08:31,8,31,89.95888604263722,0.0,0,250,0,0.0,0.0,370,0
08:32,8,32,89.83565686104821,0.0,0,250,0,0.0,0.0,370,0
08:33,8,33,89.63065021785413,0.0,0,250,0,0.0,0.0,370,0
08:34,8,34,89.34442802201417,0.0,0,250,0,0.0,0.0,370,0
08:35,8,35,88.97777478867205,0.0,0,250,0,0.0,0.0,370,0
08:36,8,36,88.53169548885461,0.0,0,250,0,0.0,0.0,370,0
08:37,8,37,88.00741279491605,0.0,0,250,0,0.0,0.0,370,0
08:38,8,38,87.40636372927803,0.0,0,250,0,0.0,0.0,370,0
08:39,8,39,86.73019572565104,0.0,0,250,0,0.0,0.0,370,0
08:40,8,40,85.98076211353316,0.0,0,250,0,0.0,0.0,370,0
08:41,8,41,85.16011703836271,0.0,0,250,0,0.0,0.0,370,0
08:42,8,42,84.27050983124843,0.0,0,250,0,0.0,0.0,370,0
08:43,8,43,83.31437884370914,0.0,0,250,0,0.0,0.0,370,0
08:44,8,44,82.29434476432183,0.0,0,250,0,0.0,0.0,370,0
08:45,8,45,81.21320343559643,0.0,0,250,0,24.0,0.0,370,0
08:46,8,46,80.07391819076574,0.0,0,250,0,24.0,0.0,370,0
08:47,8,47,78.87961173149512,0.0,0,250,0,0.0,0.0,370,0
08:48,8,48,77.6335575687742,0.0,0,250,0,0.0,0.0,370,0
08:49,8,49,76.33917105045082,0.0,0,250,0,0.0,0.0,370,0
08:50,8,50,75.0,0.0,0,250,0,0.0,0.0,370,0
08:51,8,51,73.6197149921864,0.0,0,250,0,0.0,0.0,370,0
08:52,8,52,72.202099292274,0.0,0,250,0,0.0,0.0,370,0
08:53,8,53,70.75103848635902,0.0,0,250,0,0.0,0.0,370,0
08:54,8,54,69.27050983124843,0.0,0,250,0,0.0,0.0,370,0
08:55,8,55,67.76457135307562,0.0,0,250,0,0.0,0.0,370,0
08:56,8,56,66.23735072453277,0.0,0,250,0,0.0,0.0,370,0
08:57,8,57,64.69303395120693,0.0,0,250,0,0.0,0.0,370,0
08:58,8,58,63.13585389802961,0.0,0,250,0,0.0,0.0,370,0
08:59,8,59,61.57007868728833,0.0,0,250,0,0.0,0.0,370,0
09:00,9,0,60.00000000000001,0.0,0,250,0,24.0,0.0,0,0
09:01,9,1,58.42992131271169,0.0,0,250,0,24.0,0.0,0,0
09:02,9,2,56.8641461019704,0.0,0,250,0,0.0,0.0,0,0
09:03,9,3,55.30696604879308,0.0,0,250,0,0.0,0.0,0,0
09:04,9,4,53.762649275467226,0.0,0,250,0,0.0,0.0,0,0
09:05,9,5,52.23542864692439,0.0,0,250,0,0.0,0.0,0,0
09:06,9,6,50.72949016875157,0.0,0,250,0,0.0,0.0,0,0
09:07,9,7,49.248961513640985,0.0,0,250,0,0.0,0.0,0,0
09:08,9,8,47.79790070772601,0.0,0,250,0,0.0,0.0,0,0
09:09,9,9,46.38028500781361,0.0,0,250,0,0.0,0.0,0,0
09:10,9,10,45.0,0.0,0,250,0,0.0,0.0,0,0
09:11,9,11,43.660828949549185,0.0,0,250,0,0.0,0.0,0,0
09:12,9,12,42.366442431225806,0.0,0,250,0,0.0,0.0,0,0
09:13,9,13,41.12038826850488,0.0,0,250,0,0.0,0.0,0,0
09:14,9,14,39.926081809234255,0.0,0,250,0,0.0,0.0,0,0
09:15,9,15,38.78679656440357,0.0,0,250,0,0.0,0.0,0,0
09:16,9,16,37.70565523567818,0.0,0,250,0,0.0,0.0,0,0
09:17,9,17,36.685621156290864,0.0,0,250,0,0.0,0.0,0,0
09:18,9,18,35.72949016875158,0.0,0,250,0,0.0,0.0,0,0
09:19,9,19,34.83988296163728,0.0,0,250,0,0.0,0.0,0,0
09:20,9,20,34.01923788646685,0.0,0,250,0,0.0,0.0,0,0
09:21,9,21,33.26980427434897,0.0,0,250,0,0.0,0.0,0,0
09:22,9,22,32.59363627072197,0.0,0,250,0,0.0,0.0,0,0
09:23,9,23,31.99258720508395,0.0,0,250,0,0.0,0.0,0,0
09:24,9,24,31.468304511145394,0.0,0,250,0,0.0,0.0,0,0
09:25,9,25,31.02222521132795,0.0,0,250,0,0.0,0.0,0,0
09:26,9,26,30.655571977985833,0.0,0,250,0,0.0,0.0,0,0
09:27,9,27,30.36934978214587,0.0,0,250,0,0.0,0.0,0,0
09:28,9,28,30.1643431389518,0.0,0,250,0,0.0,0.0,0,0
09:29,9,29,30.041113957362782,0.0,0,250,0,0.0,0.0,0,0
09:30,9,30,30.0,0.0,0,250,0,0.0,0.0,0,0
09:31,9,31,30.041113957362782,0.0,0,250,0,0.0,0.0,0,0
09:32,9,32,30.1643431389518,0.0,0,250,0,0.0,0.0,0,0
09:33,9,33,30.369349782145868,0.0,0,250,0,0.0,0.0,0,0
09:34,9,34,30.655571977985833,0.0,0,250,0,0.0,0.0,0,0
09:35,9,35,31.022225211327946,0.0,0,250,0,0.0,0.0,0,0
09:36,9,36,31.46830451114539,0.0,0,250,0,0.0,0.0,0,0
09:37,9,37,31.992587205083947,0.0,0,250,0,0.0,0.0,0,0
09:38,9,38,32.593636270721966,0.0,0,250,0,0.0,0.0,0,0
09:39,9,39,33.26980427434896,0.0,0,250,0,0.0,0.0,0,0
09:40,9,40,34.01923788646684,0.0,0,250,0,0.0,0.0,0,0
09:41,9,41,34.83988296163727,0.0,0,250,0,0.0,0.0,0,0
09:42,9,42,35.729490168751575,0.0,0,250,0,0.0,0.0,0,0
09:43,9,43,36.685621156290864,0.0,0,250,0,0.0,0.0,0,0
09:44,9,44,37.70565523567818,0.0,0,250,0,0.0,0.0,0,0
09:45,9,45,38.78679656440357,0.0,0,250,0,24.0,0.0,0,0
09:46,9,46,39.92608180923423,0.0,0,250,0,24.0,0.0,0,0
09:47,9,47,41.12038826850488,0.0,0,250,0,0.0,0.0,0,0
09:48,9,48,42.3664424312258,0.0,0,250,0,0.0,0.0,0,0
09:49,9,49,43.66082894954919,0.0,0,250,0,0.0,0.0,0,0
09:50,9,50,44.999999999999986,0.0,0,250,0,0.0,0.0,0,0
09:51,9,51,46.38028500781359,0.0,0,250,0,0.0,0.0,0,0
09:52,9,52,47.797900707725994,0.0,0,250,0,0.0,0.0,0,0
09:53,9,53,49.24896151364098,0.0,0,250,0,0.0,0.0,0,0
09:54,9,54,50.72949016875157,0.0,0,250,0,0.0,0.0,0,0
09:55,9,55,52.235428646924376,0.0,0,250,0,0.0,0.0,0,0
09:56,9,56,53.762649275467204,0.0,0,250,0,0.0,0.0,0,0
09:57,9,57,55.306966048793065,0.0,0,250,0,0.0,0.0,0,0
09:58,9,58,56.86414610197037,0.0,0,250,0,0.0,0.0,0,0
09:59,9,59,58.4299213127117,0.0,0,250,0,0.0,0.0,0,0
10:00,10,0,60.0,0.0,0,250,0,24.0,0.0,0,0
10:01,10,1,61.570078687288316,0.0,0,250,0,24.0,0.0,0,0
10:02,10,2,63.1358538980296,0.0,0,250,0,0.0,0.0,0,0
10:03,10,3,64.69303395120693,0.0,0,250,0,0.0,0.0,0,0
10:04,10,4,66.23735072453277,0.0,0,250,0,0.0,0.0,0,0
10:05,10,5,67.76457135307562,0.0,0,250,0,0.0,0.0,0,0
10:06,10,6,69.27050983124842,0.0,0,250,0,0.0,0.0,0,0
10:07,10,7,70.75103848635901,0.0,0,250,0,0.0,0.0,0,0
10:08,10,8,72.202099292274,0.0,0,250,0,0.0,0.0,0,0
10:09,10,9,73.6197149921864,0.0,0,250,0,0.0,0.0,0,0
10:10,10,10,75.0,0.0,0,250,0,0.0,0.0,0,0
10:11,10,11,76.3391710504508,0.0,0,250,0,0.0,0.0,0,0
10:12,10,12,77.6335575687742,0.0,0,250,0,0.0,0.0,0,0
10:13,10,13,78.87961173149512,0.0,0,250,0,0.0,0.0,0,0
10:14,10,14,80.07391819076574,0.0,0,250,0,0.0,0.0,0,0
10:15,10,15,81.21320343559643,0.0,0,250,0,0.0,0.0,0,0
10:16,10,16,82.29434476432182,0.0,0,250,0,0.0,0.0,0,0
10:17,10,17,83.31437884370912,0.0,0,250,0,0.0,0.0,0,0
10:18,10,18,84.27050983124843,0.0,0,250,0,0.0,0.0,0,0
10:19,10,19,85.16011703836271,0.0,0,250,0,0.0,0.0,0,0
10:20,10,20,85.98076211353316,0.0,0,250,0,0.0,0.0,0,0
10:21,10,21,86.73019572565103,0.0,0,250,0,0.0,0.0,0,0
10:22,10,22,87.40636372927803,0.0,0,250,0,0.0,0.0,0,0
10:23,10,23,88.00741279491605,0.0,0,250,0,0.0,0.0,0,0
10:24,10,24,88.53169548885461,0.0,0,250,0,0.0,0.0,0,0
10:25,10,25,88.97777478867205,0.0,0,250,0,0.0,0.0,0,0
10:26,10,26,89.34442802201417,0.0,0,250,0,0.0,0.0,0,0
10:27,10,27,89.63065021785414,0.0,0,250,0,0.0,0.0,0,0
10:28,10,28,89.8356568610482,0.0,0,250,0,0.0,0.0,0,0
10:29,10,29,89.95888604263722,0.0,0,250,0,0.0,0.0,0,0
10:30,10,30,90.0,0.0,0,250,0,0.0,0.0,0,0
10:31,10,31,89.95888604263722,0.0,0,250,0,0.0,0.0,0,0
10:32,10,32,89.83565686104821,0.0,0,250,0,0.0,0.0,0,0
10:33,10,33,89.63065021785413,0.0,0,250,0,0.0,0.0,0,0
10:34,10,34,89.34442802201417,0.0,0,250,0,0.0,0.0,0,0
10:35,10,35,88.97777478867205,0.0,0,250,0,0.0,0.0,0,0
10:36,10,36,88.53169548885461,0.0,0,250,0,0.0,0.0,0,0
10:37,10,37,88.00741279491605,0.0,0,250,0,0.0,0.0,0,0
10:38,10,38,87.40636372927803,0.0,0,250,0,0.0,0.0,0,0
10:39,10,39,86.73019572565104,0.0,0,250,0,0.0,0.0,0,0
10:40,10,40,85.98076211353316,0.0,0,250,0,0.0,0.0,0,0
10:41,10,41,85.16011703836271,0.0,0,250,0,0.0,0.0,0,0
10:42,10,42,84.27050983124843,0.0,0,250,0,0.0,0.0,0,0
10:43,10,43,83.31437884370914,0.0,0,250,0,0.0,0.0,0,0
10:44,10,44,82.29434476432183,0.0,0,250,0,0.0,0.0,0,0
10:45,10,45,81.21320343559643,0.0,0,250,0,24.0,0.0,0,0
10:46,10,46,80.07391819076574,0.0,0,250,0,24.0,0.0,0,0
10:47,10,47,78.87961173149512,0.0,0,250,0,0.0,0.0,0,0
10:48,10,48,77.6335575687742,0.0,0,250,0,0.0,0.0,0,0
10:49,10,49,76.33917105045082,0.0,0,250,0,0.0,0.0,0,0
10:50,10,50,75.0,0.0,0,250,0,0.0,0.0,0,0
10:51,10,51,73.6197149921864,0.0,0,250,0,0.0,0.0,0,0
10:52,10,52,72.202099292274,0.0,0,250,0,0.0,0.0,0,0
10:53,10,53,70.75103848635902,0.0,0,250,0,0.0,0.0,0,0
10:54,10,54,69.27050983124843,0.0,0,250,0,0.0,0.0,0,0
10:55,10,55,67.76457135307562,0.0,0,250,0,0.0,0.0,0,0
10:56,10,56,66.23735072453277,0.0,0,250,0,0.0,0.0,0,0
10:57,10,57,64.69303395120693,0.0,0,250,0,0.0,0.0,0,0
10:58,10,58,63.13585389802961,0.0,0,250,0,0.0,0.0,0,0
10:59,10,59,61.57007868728833,0.0,0,250,0,0.0,0.0,0,0
11:00,11,0,60.00000000000001,0.0,0,250,0,24.0,0.0,0,0
11:01,11,1,58.42992131271169,0.0,0,250,0,24.0,0.0,0,0
11:02,11,2,56.8641461019704,0.0,0,250,0,0.0,0.0,0,0
11:03,11,3,55.30696604879308,0.0,0,250,0,0.0,0.0,0,0
11:04,11,4,53.762649275467226,0.0,0,250,0,0.0,0.0,0,0
11:05,11,5,52.23542864692439,0.0,0,250,0,0.0,0.0,0,0
11:06,11,6,50.72949016875157,0.0,0,250,0,0.0,0.0,0,0
11:07,11,7,49.248961513640985,0.0,0,250,0,0.0,0.0,0,0
11:08,11,8,47.79790070772601,0.0,0,250,0,0.0,0.0,0,0
11:09,11,9,46.38028500781361,0.0,0,250,0,0.0,0.0,0,0
11:10,11,10,45.0,0.0,0,250,0,0.0,0.0,0,0
11:11,11,11,43.660828949549185,0.0,0,250,0,0.0,0.0,0,0
11:12,11,12,42.366442431225806,0.0,0,250,0,0.0,0.0,0,0
11:13,11,13,41.12038826850488,0.0,0,250,0,0.0,0.0,0,0
11:14,11,14,39.926081809234255,0.0,0,250,0,0.0,0.0,0,0
11:15,11,15,38.78679656440357,0.0,0,250,0,0.0,0.0,0,0
11:16,11,16,37.70565523567818,0.0,0,250,0,0.0,0.0,0,0
11:17,11,17,36.685621156290864,0.0,0,250,0,0.0,0.0,0,0
11:18,11,18,35.72949016875158,0.0,0,250,0,0.0,0.0,0,0
11:19,11,19,34.83988296163728,0.0,0,250,0,0.0,0.0,0,0
11:20,11,20,34.01923788646685,0.0,0,250,0,0.0,0.0,0,0
11:21,11,21,33.26980427434897,0.0,0,250,0,0.0,0.0,0,0
11:22,11,22,32.59363627072197,0.0,0,250,0,0.0,0.0,0,0
11:23,11,23,31.99258720508395,0.0,0,250,0,0.0,0.0,0,0
11:24,11,24,31.468304511145394,0.0,0,250,0,0.0,0.0,0,0
11:25,11,25,31.02222521132795,0.0,0,250,0,0.0,0.0,0,0
11:26,11,26,30.655571977985833,0.0,0,250,0,0.0,0.0,0,0
11:27,11,27,30.36934978214587,0.0,0,250,0,0.0,0.0,0,0
11:28,11,28,30.1643431389518,0.0,0,250,0,0.0,0.0,0,0
11:29,11,29,30.041113957362782,0.0,0,250,0,0.0,0.0,0,0
11:30,11,30,30.0,0.0,0,250,0,0.0,0.0,0,0
11:31,11,31,30.041113957362782,0.0,0,250,0,0.0,0.0,0,0
11:32,11,32,30.1643431389518,0.0,0,250,0,0.0,0.0,0,0
11:33,11,33,30.369349782145868,0.0,0,250,0,0.0,0.0,0,0
11:34,11,34,30.655571977985833,0.0,0,250,0,0.0,0.0,0,0
11:35,11,35,31.022225211327946,0.0,0,250,0,0.0,0.0,0,0
11:36,11,36,31.46830451114539,0.0,0,250,0,0.0,0.0,0,0
11:37,11,37,31.992587205083947,0.0,0,250,0,0.0,0.0,0,0
11:38,11,38,32.593636270721966,0.0,0,250,0,0.0,0.0,0,0
11:39,11,39,33.26980427434896,0.0,0,250,0,0.0,0.0,0,0
11:40,11,40,34.01923788646684,0.0,0,250,0,0.0,0.0,0,0
11:41,11,41,34.83988296163727,0.0,0,250,0,0.0,0.0,0,0
11:42,11,42,35.729490168751575,0.0,0,250,0,0.0,0.0,0,0
11:43,11,43,36.685621156290864,0.0,0,250,0,0.0,0.0,0,0
11:44,11,44,37.70565523567818,0.0,0,250,0,0.0,0.0,0,0
11:45,11,45,38.78679656440357,0.0,0,250,0,24.0,0.0,0,0
11:46,11,46,39.92608180923423,0.0,0,250,0,24.0,0.0,0,0
11:47,11,47,41.12038826850488,0.0,0,250,0,0.0,0.0,0,0
11:48,11,48,42.3664424312258,0.0,0,250,0,0.0,0.0,0,0
11:49,11,49,43.66082894954919,0.0,0,250,0,0.0,0.0,0,0
11:50,11,50,44.999999999999986,0.0,0,250,0,0.0,0.0,0,0
11:51,11,51,46.38028500781359,0.0,0,250,0,0.0,0.0,0,0
11:52,11,52,47.797900707725994,0.0,0,250,0,0.0,0.0,0,0
11:53,11,53,49.24896151364098,0.0,0,250,0,0.0,0.0,0,0
11:54,11,54,50.72949016875157,0.0,0,250,0,0.0,0.0,0,0
11:55,11,55,52.235428646924376,0.0,0,250,0,0.0,0.0,0,0
11:56,11,56,53.762649275467204,0.0,0,250,0,0.0,0.0,0,0
11:57,11,57,55.306966048793065,0.0,0,250,0,0.0,0.0,0,0
11:58,11,58,56.86414610197037,0.0,0,250,0,0.0,0.0,0,0
11:59,11,59,58.4299213127117,0.0,0,250,0,0.0,0.0,0,0
12:00,12,0,60.0,0.0,0,20,0,24.0,0.0,0,0
12:01,12,1,61.570078687288316,0.0,0,20,0,24.0,0.0,0,0
12:02,12,2,63.1358538980296,0.0,0,20,0,0.0,0.0,0,0
12:03,12,3,64.69303395120693,0.0,0,20,0,0.0,0.0,0,0
12:04,12,4,66.23735072453277,0.0,0,20,0,0.0,0.0,0,0
12:05,12,5,67.76457135307562,0.0,0,20,0,0.0,0.0,0,0
12:06,12,6,69.27050983124842,0.0,0,20,0,0.0,0.0,0,0
12:07,12,7,70.75103848635901,0.0,0,20,0,0.0,0.0,0,0
12:08,12,8,72.202099292274,0.0,0,20,0,0.0,0.0,0,0
12:09,12,9,73.6197149921864,0.0,0,20,0,0.0,0.0,0,0
12:10,12,10,75.0,0.0,0,20,0,0.0,0.0,0,0
12:11,12,11,76.3391710504508,0.0,0,20,0,0.0,0.0,0,0
12:12,12,12,77.6335575687742,0.0,0,20,0,0.0,0.0,0,0
12:13,12,13,78.87961173149512,0.0,0,20,0,0.0,0.0,0,0
12:14,12,14,80.07391819076574,0.0,0,20,0,0.0,0.0,0,0
12:15,12,15,81.21320343559643,0.0,0,20,0,0.0,0.0,0,0
12:16,12,16,82.29434476432182,0.0,0,20,0,0.0,0.0,0,0
12:17,12,17,83.31437884370912,0.0,0,20,0,0.0,0.0,0,0
12:18,12,18,84.27050983124843,0.0,0,20,0,0.0,0.0,0,0
12:19,12,19,85.16011703836271,0.0,0,20,0,0.0,0.0,0,0
12:20,12,20,85.98076211353316,0.0,0,20,0,0.0,0.0,0,0
12:21,12,21,86.73019572565103,0.0,0,20,0,0.0,0.0,0,0
12:22,12,22,87.40636372927803,0.0,0,20,0,0.0,0.0,0,0
12:23,12,23,88.00741279491605,0.0,0,20,0,0.0,0.0,0,0
12:24,12,24,88.53169548885461,0.0,0,20,0,0.0,0.0,0,0
12:25,12,25,88.97777478867205,0.0,0,20,0,0.0,0.0,0,0
12:26,12,26,89.34442802201417,0.0,0,20,0,0.0,0.0,0,0
12:27,12,27,89.63065021785414,0.0,0,20,0,0.0,0.0,0,0
12:28,12,28,89.8356568610482,0.0,0,20,0,0.0,0.0,0,0
12:29,12,29,89.95888604263722,0.0,0,20,0,0.0,0.0,0,0
12:30,12,30,90.0,0.0,0,20,0,0.0,0.0,0,0
12:31,12,31,89.95888604263722,0.0,0,20,0,0.0,0.0,0,0
12:32,12,32,89.83565686104821,0.0,0,20,0,0.0,0.0,0,0
12:33,12,33,89.63065021785413,0.0,0,20,0,0.0,0.0,0,0
12:34,12,34,89.34442802201417,0.0,0,20,0,0.0,0.0,0,0
12:35,12,35,88.97777478867205,0.0,0,20,0,0.0,0.0,0,0
12:36,12,36,88.53169548885461,0.0,0,20,0,0.0,0.0,0,0
12:37,12,37,88.00741279491605,0.0,0,20,0,0.0,0.0,0,0
12:38,12,38,87.40636372927803,0.0,0,20,0,0.0,0.0,0,0
12:39,12,39,86.73019572565104,0.0,0,20,0,0.0,0.0,0,0
12:40,12,40,85.98076211353316,0.0,0,20,0,0.0,0.0,0,0
12:41,12,41,85.16011703836271,0.0,0,20,0,0.0,0.0,0,0
12:42,12,42,84.27050983124843,0.0,0,20,0,0.0,0.0,0,0
12:43,12,43,83.31437884370914,0.0,0,20,0,0.0,0.0,0,0
12:44,12,44,82.29434476432183,0.0,0,20,0,0.0,0.0,0,0
12:45,12,45,81.21320343559643,0.0,0,20,0,24.0,0.0,0,0
12:46,12,46,80.07391819076574,0.0,0,20,0,24.0,0.0,0,0
12:47,12,47,78.87961173149512,0.0,0,20,0,0.0,0.0,0,0
12:48,12,48,77.6335575687742,0.0,0,20,0,0.0,0.0,0,0
12:49,12,49,76.33917105045082,0.0,0,20,0,0.0,0.0,0,0
12:50,12,50,75.0,0.0,0,20,0,0.0,0.0,0,0
12:51,12,51,73.6197149921864,0.0,0,20,0,0.0,0.0,0,0
12:52,12,52,72.202099292274,0.0,0,20,0,0.0,0.0,0,0
12:53,12,53,70.75103848635902,0.0,0,20,0,0.0,0.0,0,0
12:54,12,54,69.27050983124843,0.0,0,20,0,0.0,0.0,0,0
12:55,12,55,67.76457135307562,0.0,0,20,0,0.0,0.0,0,0
12:56,12,56,66.23735072453277,0.0,0,20,0,0.0,0.0,0,0
12:57,12,57,64.69303395120693,0.0,0,20,0,0.0,0.0,0,0
12:58,12,58,63.13585389802961,0.0,0,20,0,0.0,0.0,0,0
12:59,12,59,61.57007868728833,0.0,0,20,0,0.0,0.0,0,0
13:00,13,0,60.00000000000001,0.0,0,20,0,24.0,0.0,0,0
13:01,13,1,58.42992131271169,0.0,0,20,0,24.0,0.0,0,0
13:02,13,2,56.8641461019704,0.0,0,20,0,0.0,0.0,0,0
13:03,13,3,55.30696604879308,0.0,0,20,0,0.0,0.0,0,0
13:04,13,4,53.762649275467226,0.0,0,20,0,0.0,0.0,0,0
13:05,13,5,52.23542864692439,0.0,0,20,0,0.0,0.0,0,0
13:06,13,6,50.72949016875157,0.0,0,20,0,0.0,0.0,0,0
13:07,13,7,49.248961513640985,0.0,0,20,0,0.0,0.0,0,0
13:08,13,8,47.79790070772601,0.0,0,20,0,0.0,0.0,0,0
13:09,13,9,46.38028500781361,0.0,0,20,0,0.0,0.0,0,0
13:10,13,10,45.0,0.0,0,20,0,0.0,0.0,0,0
13:11,13,11,43.660828949549185,0.0,0,20,0,0.0,0.0,0,0
13:12,13,12,42.366442431225806,0.0,0,20,0,0.0,0.0,0,0
13:13,13,13,41.12038826850488,0.0,0,20,0,0.0,0.0,0,0
13:14,13,14,39.926081809234255,0.0,0,20,0,0.0,0.0,0,0
13:15,13,15,38.78679656440357,0.0,0,20,0,0.0,0.0,0,0
13:16,13,16,37.70565523567818,0.0,0,20,0,0.0,0.0,0,0
13:17,13,17,36.685621156290864,0.0,0,20,0,0.0,0.0,0,0
13:18,13,18,35.72949016875158,0.0,0,20,0,0.0,0.0,0,0
13:19,13,19,34.83988296163728,0.0,0,20,0,0.0,0.0,0,0
13:20,13,20,34.01923788646685,0.0,0,20,0,0.0,0.0,0,0
13:21,13,21,33.26980427434897,0.0,0,20,0,0.0,0.0,0,0
13:22,13,22,32.59363627072197,0.0,0,20,0,0.0,0.0,0,0
13:23,13,23,31.99258720508395,0.0,0,20,0,0.0,0.0,0,0
13:24,13,24,31.468304511145394,0.0,0,20,0,0.0,0.0,0,0
13:25,13,25,31.02222521132795,0.0,0,20,0,0.0,0.0,0,0
13:26,13,26,30.655571977985833,0.0,0,20,0,0.0,0.0,0,0
13:27,13,27,30.36934978214587,0.0,0,20,0,0.0,0.0,0,0
13:28,13,28,30.1643431389518,0.0,0,20,0,0.0,0.0,0,0
13:29,13,29,30.041113957362782,0.0,0,20,0,0.0,0.0,0,0
13:30,13,30,30.0,0.0,0,20,0,0.0,0.0,0,0
13:31,13,31,30.041113957362782,0.0,0,20,0,0.0,0.0,0,0
13:32,13,32,30.1643431389518,0.0,0,20,0,0.0,0.0,0,0
13:33,13,33,30.369349782145868,0.0,0,20,0,0.0,0.0,0,0
13:34,13,34,30.655571977985833,0.0,0,20,0,0.0,0.0,0,0
13:35,13,35,31.022225211327946,0.0,0,20,0,0.0,0.0,0,0
13:36,13,36,31.46830451114539,0.0,0,20,0,0.0,0.0,0,0
13:37,13,37,31.992587205083947,0.0,0,20,0,0.0,0.0,0,0
13:38,13,38,32.593636270721966,0.0,0,20,0,0.0,0.0,0,0
13:39,13,39,33.26980427434896,0.0,0,20,0,0.0,0.0,0,0
13:40,13,40,34.01923788646684,0.0,0,20,0,0.0,0.0,0,0
13:41,13,41,34.83988296163727,0.0,0,20,0,0.0,0.0,0,0
13:42,13,42,35.729490168751575,0.0,0,20,0,0.0,0.0,0,0
13:43,13,43,36.685621156290864,0.0,0,20,0,0.0,0.0,0,0
13:44,13,44,37.70565523567818,0.0,0,20,0,0.0,0.0,0,0
13:45,13,45,38.78679656440357,0.0,0,20,0,24.0,0.0,0,0
13:46,13,46,39.92608180923423,0.0,0,20,0,24.0,0.0,0,0
13:47,13,47,41.12038826850488,0.0,0,20,0,0.0,0.0,0,0
13:48,13,48,42.3664424312258,0.0,0,20,0,0.0,0.0,0,0
13:49,13,49,43.66082894954919,0.0,0,20,0,0.0,0.0,0,0
13:50,13,50,44.999999999999986,0.0,0,20,0,0.0,0.0,0,0
13:51,13,51,46.38028500781359,0.0,0,20,0,0.0,0.0,0,0
13:52,13,52,47.797900707725994,0.0,0,20,0,0.0,0.0,0,0
13:53,13,53,49.24896151364098,0.0,0,20,0,0.0,0.0,0,0
13:54,13,54,50.72949016875157,0.0,0,20,0,0.0,0.0,0,0
13:55,13,55,52.235428646924376,0.0,0,20,0,0.0,0.0,0,0
13:56,13,56,53.762649275467204,0.0,0,20,0,0.0,0.0,0,0
13:57,13,57,55.306966048793065,0.0,0,20,0,0.0,0.0,0,0
13:58,13,58,56.86414610197037,0.0,0,20,0,0.0,0.0,0,0
13:59,13,59,58.4299213127117,0.0,0,20,0,0.0,0.0,0,0
14:00,14,0,60.0,0.0,0,20,0,24.0,0.0,0,0
14:01,14,1,61.570078687288316,0.0,0,20,0,24.0,0.0,0,0
14:02,14,2,63.1358538980296,0.0,0,20,0,0.0,0.0,0,0
14:03,14,3,64.69303395120693,0.0,0,20,0,0.0,0.0,0,0
14:04,14,4,66.23735072453277,0.0,0,20,0,0.0,0.0,0,0
14:05,14,5,67.76457135307562,0.0,0,20,0,0.0,0.0,0,0
14:06,14,6,69.27050983124842,0.0,0,20,0,0.0,0.0,0,0
14:07,14,7,70.75103848635901,0.0,0,20,0,0.0,0.0,0,0
14:08,14,8,72.202099292274,0.0,0,20,0,0.0,0.0,0,0
14:09,14,9,73.6197149921864,0.0,0,20,0,0.0,0.0,0,0
14:10,14,10,75.0,0.0,0,20,0,0.0,0.0,0,0
14:11,14,11,76.3391710504508,0.0,0,20,0,0.0,0.0,0,0
14:12,14,12,77.6335575687742,0.0,0,20,0,0.0,0.0,0,0
14:13,14,13,78.87961173149512,0.0,0,20,0,0.0,0.0,0,0
14:14,14,14,80.07391819076574,0.0,0,20,0,0.0,0.0,0,0
14:15,14,15,81.21320343559643,0.0,0,20,0,0.0,0.0,0,0
14:16,14,16,82.29434476432182,0.0,0,20,0,0.0,0.0,0,0
14:17,14,17,83.31437884370912,0.0,0,20,0,0.0,0.0,0,0
14:18,14,18,84.27050983124843,0.0,0,20,0,0.0,0.0,0,0
14:19,14,19,85.16011703836271,0.0,0,20,0,0.0,0.0,0,0
14:20,14,20,85.98076211353316,0.0,0,20,0,0.0,0.0,0,0
14:21,14,21,86.73019572565103,0.0,0,20,0,0.0,0.0,0,0
14:22,14,22,87.40636372927803,0.0,0,20,0,0.0,0.0,0,0
14:23,14,23,88.00741279491605,0.0,0,20,0,0.0,0.0,0,0
14:24,14,24,88.53169548885461,0.0,0,20,0,0.0,0.0,0,0
14:25,14,25,88.97777478867205,0.0,0,20,0,0.0,0.0,0,0
14:26,14,26,89.34442802201417,0.0,0,20,0,0.0,0.0,0,0
14:27,14,27,89.63065021785414,0.0,0,20,0,0.0,0.0,0,0
14:28,14,28,89.8356568610482,0.0,0,20,0,0.0,0.0,0,0
14:29,14,29,89.95888604263722,0.0,0,20,0,0.0,0.0,0,0
14:30,14,30,90.0,0.0,0,20,0,0.0,0.0,0,0
14:31,14,31,89.95888604263722,0.0,0,20,0,0.0,0.0,0,0
14:32,14,32,89.83565686104821,0.0,0,20,0,0.0,0.0,0,0
14:33,14,33,89.63065021785413,0.0,0,20,0,0.0,0.0,0,0
14:34,14,34,89.34442802201417,0.0,0,20,0,0.0,0.0,0,0
14:35,14,35,88.97777478867205,0.0,0,20,0,0.0,0.0,0,0
14:36,14,36,88.53169548885461,0.0,0,20,0,0.0,0.0,0,0
14:37,14,37,88.00741279491605,0.0,0,20,0,0.0,0.0,0,0
14:38,14,38,87.40636372927803,0.0,0,20,0,0.0,0.0,0,0
14:39,14,39,86.73019572565104,0.0,0,20,0,0.0,0.0,0,0
14:40,14,40,85.98076211353316,0.0,0,20,0,0.0,0.0,0,0
14:41,14,41,85.16011703836271,0.0,0,20,0,0.0,0.0,0,0
14:42,14,42,84.27050983124843,0.0,0,20,0,0.0,0.0,0,0
14:43,14,43,83.31437884370914,0.0,0,20,0,0.0,0.0,0,0
14:44,14,44,82.29434476432183,0.0,0,20,0,0.0,0.0,0,0
14:45,14,45,81.21320343559643,0.0,0,20,0,24.0,0.0,0,0
14:46,14,46,80.07391819076574,0.0,0,20,0,24.0,0.0,0,0
14:47,14,47,78.87961173149512,0.0,0,20,0,0.0,0.0,0,0
14:48,14,48,77.6335575687742,0.0,0,20,0,0.0,0.0,0,0
14:49,14,49,76.33917105045082,0.0,0,20,0,0.0,0.0,0,0
14:50,14,50,75.0,0.0,0,20,0,0.0,0.0,0,0
14:51,14,51,73.6197149921864,0.0,0,20,0,0.0,0.0,0,0
14:52,14,52,72.202099292274,0.0,0,20,0,0.0,0.0,0,0
14:53,14,53,70.75103848635902,0.0,0,20,0,0.0,0.0,0,0
14:54,14,54,69.27050983124843,0.0,0,20,0,0.0,0.0,0,0
14:55,14,55,67.76457135307562,0.0,0,20,0,0.0,0.0,0,0
14:56,14,56,66.23735072453277,0.0,0,20,0,0.0,0.0,0,0
14:57,14,57,64.69303395120693,0.0,0,20,0,0.0,0.0,0,0
14:58,14,58,63.13585389802961,0.0,0,20,0,0.0,0.0,0,0
14:59,14,59,61.57007868728833,0.0,0,20,0,0.0,0.0,0,0
15:00,15,0,60.00000000000001,0.0,0,800,0,24.0,218.34315219930556,1850,380
15:01,15,1,58.42992131271169,0.0,0,250,0,24.0,233.71023877297895,370,0
15:02,15,2,56.8641461019704,0.0,0,250,0,0.0,0.0,370,380
15:03,15,3,55.30696604879308,0.0,0,250,0,0.0,228.2632676000158,370,0
15:04,15,4,53.762649275467226,0.0,0,250,0,0.0,204.102465073933,370,380
15:05,15,5,52.23542864692439,0.0,0,250,0,0.0,0.0,370,0
15:06,15,6,50.72949016875157,0.0,0,250,0,0.0,238.6495143436057,370,380
15:07,15,7,49.248961513640985,0.0,0,250,0,0.0,207.51824777592253,370,0
15:08,15,8,47.79790070772601,0.0,0,250,0,0.0,0.0,370,380
15:09,15,9,46.38028500781361,0.0,0,250,0,0.0,234.19706679634305,370,0
15:10,15,10,45.0,0.0,0,250,0,0.0,224.8973169351244,370,380
15:11,15,11,43.660828949549185,0.0,0,250,0,0.0,0.0,370,0
15:12,15,12,42.366442431225806,0.0,0,250,0,0.0,239.40190000342983,370,380
15:13,15,13,41.12038826850488,0.0,0,250,0,0.0,206.31052910327725,370,0
15:14,15,14,39.926081809234255,0.0,0,250,0,0.0,0.0,370,380
15:15,15,15,38.78679656440357,0.0,0,250,0,0.0,239.35910950352954,370,0
15:16,15,16,37.70565523567818,0.0,0,250,0,0.0,218.3769875437083,370,0
15:17,15,17,36.685621156290864,0.0,0,250,0,0.0,0.0,370,0
15:18,15,18,35.72949016875158,0.0,0,250,0,0.0,231.92943937892957,370,0
15:19,15,19,34.83988296163728,0.0,0,250,0,0.0,221.40295980971138,370,0
15:20,15,20,34.01923788646685,0.0,0,250,0,0.0,0.0,370,0
15:21,15,21,33.26980427434897,0.0,0,250,0,0.0,230.3953195037002,370,0
15:22,15,22,32.59363627072197,0.0,0,250,0,0.0,210.0907225311225,370,0
15:23,15,23,31.99258720508395,0.0,0,250,0,0.0,0.0,370,0
15:24,15,24,31.468304511145394,0.0,0,250,0,0.0,237.22441949228102,370,0
15:25,15,25,31.02222521132795,0.0,0,250,0,0.0,235.52186314082485,370,0
15:26,15,26,30.655571977985833,0.0,0,250,0,0.0,0.0,370,0
15:27,15,27,30.36934978214587,0.0,0,250,0,0.0,235.48676343218563,370,0
15:28,15,28,30.1643431389518,0.0,0,250,0,0.0,219.9152020009886,370,0
15:29,15,29,30.041113957362782,0.0,0,250,0,0.0,0.0,370,0
15:30,15,30,30.0,0.0,0,250,0,0.0,223.18863898276692,0,0
15:31,15,31,30.041113957362782,0.0,0,250,0,0.0,228.28843028767375,0,0
15:32,15,32,30.1643431389518,0.0,0,250,0,0.0,0.0,0,0
15:33,15,33,30.369349782145868,0.0,0,250,0,0.0,200.5839352284634,0,0
15:34,15,34,30.655571977985833,0.0,0,250,0,0.0,238.80511538224115,0,0
15:35,15,35,31.022225211327946,0.0,0,250,0,0.0,0.0,0,0
15:36,15,36,31.46830451114539,0.0,0,250,0,0.0,203.27899302223219,0,0
15:37,15,37,31.992587205083947,0.0,0,250,0,0.0,230.1738798692377,0,0
15:38,15,38,32.593636270721966,0.0,0,250,0,0.0,0.0,0,0
15:39,15,39,33.26980427434896,0.0,0,250,0,0.0,219.09764069094234,0,0
15:40,15,40,34.01923788646684,0.0,0,250,0,0.0,210.04243805464733,0,0
15:41,15,41,34.83988296163727,0.0,0,250,0,0.0,0.0,0,0
15:42,15,42,35.729490168751575,0.0,0,250,0,0.0,204.30221492606515,0,0
15:43,15,43,36.685621156290864,0.0,0,250,0,0.0,217.2634373703418,0,0
15:44,15,44,37.70565523567818,0.0,0,250,0,0.0,0.0,0,0
15:45,15,45,38.78679656440357,0.0,0,250,0,24.0,100.0,0,0
15:46,15,46,39.92608180923423,0.0,0,250,0,24.0,120.0,0,0
15:47,15,47,41.12038826850488,0.0,0,250,0,0.0,140.0,0,0
15:48,15,48,42.3664424312258,0.0,0,250,0,0.0,160.0,0,0
15:49,15,49,43.66082894954919,0.0,0,250,0,0.0,180.0,0,0
15:50,15,50,44.999999999999986,0.0,0,250,0,0.0,200.0,0,0
15:51,15,51,46.38028500781359,0.0,0,250,0,0.0,220.0,0,0
15:52,15,52,47.797900707725994,0.0,0,250,0,0.0,240.0,0,0
15:53,15,53,49.24896151364098,0.0,0,250,0,0.0,260.0,0,0
15:54,15,54,50.72949016875157,0.0,0,250,0,0.0,280.0,0,0
15:55,15,55,52.235428646924376,0.0,0,250,0,0.0,300.0,0,0
15:56,15,56,53.762649275467204,0.0,0,250,0,0.0,320.0,0,0
15:57,15,57,55.306966048793065,0.0,0,250,0,0.0,340.0,0,0
15:58,15,58,56.86414610197037,0.0,0,250,0,0.0,360.0,0,0
15:59,15,59,58.4299213127117,0.0,0,250,0,0.0,380.0,0,0
16:00,16,0,60.0,0.0,0,20,0,24.0,0.0,0,0
16:01,16,1,61.570078687288316,0.0,0,20,0,24.0,0.0,0,0
16:02,16,2,63.1358538980296,0.0,0,20,0,0.0,0.0,0,0
16:03,16,3,64.69303395120693,0.0,0,20,0,0.0,0.0,0,0
16:04,16,4,66.23735072453277,0.0,0,20,0,0.0,0.0,0,0
16:05,16,5,67.76457135307562,0.0,0,20,0,0.0,0.0,0,0
16:06,16,6,69.27050983124842,0.0,0,20,0,0.0,0.0,0,0
16:07,16,7,70.75103848635901,0.0,0,20,0,0.0,0.0,0,0
16:08,16,8,72.202099292274,0.0,0,20,0,0.0,0.0,0,0
16:09,16,9,73.6197149921864,0.0,0,20,0,0.0,0.0,0,0
16:10,16,10,75.0,0.0,0,20,0,0.0,0.0,0,0
16:11,16,11,76.3391710504508,0.0,0,20,0,0.0,0.0,0,0
16:12,16,12,77.6335575687742,0.0,0,20,0,0.0,0.0,0,0
16:13,16,13,78.87961173149512,0.0,0,20,0,0.0,0.0,0,0
16:14,16,14,80.07391819076574,0.0,0,20,0,0.0,0.0,0,0
16:15,16,15,81.21320343559643,0.0,0,20,0,0.0,0.0,0,0
16:16,16,16,82.29434476432182,0.0,0,20,0,0.0,0.0,0,0
16:17,16,17,83.31437884370912,0.0,0,20,0,0.0,0.0,0,0
16:18,16,18,84.27050983124843,0.0,0,20,0,0.0,0.0,0,0
16:19,16,19,85.16011703836271,0.0,0,20,0,0.0,0.0,0,0
16:20,16,20,85.98076211353316,0.0,0,20,0,0.0,0.0,0,0
16:21,16,21,86.73019572565103,0.0,0,20,0,0.0,0.0,0,0
16:22,16,22,87.40636372927803,0.0,0,20,0,0.0,0.0,0,0
16:23,16,23,88.00741279491605,0.0,0,20,0,0.0,0.0,0,0
16:24,16,24,88.53169548885461,0.0,0,20,0,0.0,0.0,0,0
16:25,16,25,88.97777478867205,0.0,0,20,0,0.0,0.0,0,0
16:26,16,26,89.34442802201417,0.0,0,20,0,0.0,0.0,0,0
16:27,16,27,89.63065021785414,0.0,0,20,0,0.0,0.0,0,0
16:28,16,28,89.8356568610482,0.0,0,20,0,0.0,0.0,0,0
16:29,16,29,89.95888604263722,0.0,0,20,0,0.0,0.0,0,0
16:30,16,30,90.0,0.0,0,20,0,0.0,0.0,0,0
16:31,16,31,89.95888604263722,0.0,0,20,0,0.0,0.0,0,0
16:32,16,32,89.83565686104821,0.0,0,20,0,0.0,0.0,0,0
16:33,16,33,89.63065021785413,0.0,0,20,0,0.0,0.0,0,0
16:34,16,34,89.34442802201417,0.0,0,20,0,0.0,0.0,0,0
16:35,16,35,88.97777478867205,0.0,0,20,0,0.0,0.0,0,0
16:36,16,36,88.53169548885461,0.0,0,20,0,0.0,0.0,0,0
16:37,16,37,88.00741279491605,0.0,0,20,0,0.0,0.0,0,0
16:38,16,38,87.40636372927803,0.0,0,20,0,0.0,0.0,0,0
16:39,16,39,86.73019572565104,0.0,0,20,0,0.0,0.0,0,0
16:40,16,40,85.98076211353316,0.0,0,20,0,0.0,0.0,0,0
16:41,16,41,85.16011703836271,0.0,0,20,0,0.0,0.0,0,0
16:42,16,42,84.27050983124843,0.0,0,20,0,0.0,0.0,0,0
16:43,16,43,83.31437884370914,0.0,0,20,0,0.0,0.0,0,0
16:44,16,44,82.29434476432183,0.0,0,20,0,0.0,0.0,0,0
16:45,16,45,81.21320343559643,0.0,0,20,0,24.0,0.0,0,0
16:46,16,46,80.07391819076574,0.0,0,20,0,24.0,0.0,0,0
16:47,16,47,78.87961173149512,0.0,0,20,0,0.0,0.0,0,0
16:48,16,48,77.6335575687742,0.0,0,20,0,0.0,0.0,0,0
16:49,16,49,76.33917105045082,0.0,0,20,0,0.0,0.0,0,0
16:50,16,50,75.0,0.0,0,20,0,0.0,0.0,0,0
16:51,16,51,73.6197149921864,0.0,0,20,0,0.0,0.0,0,0
16:52,16,52,72.202099292274,0.0,0,20,0,0.0,0.0,0,0
16:53,16,53,70.75103848635902,0.0,0,20,0,0.0,0.0,0,0
16:54,16,54,69.27050983124843,0.0,0,20,0,0.0,0.0,0,0
16:55,16,55,67.76457135307562,0.0,0,20,0,0.0,0.0,0,0
16:56,16,56,66.23735072453277,0.0,0,20,0,0.0,0.0,0,0
16:57,16,57,64.69303395120693,0.0,0,20,0,0.0,0.0,0,0
16:58,16,58,63.13585389802961,0.0,0,20,0,0.0,0.0,0,0
16:59,16,59,61.57007868728833,0.0,0,20,0,0.0,0.0,0,0
17:00,17,0,60.00000000000001,0.0,0,20,0,120.0,0.0,0,0
17:01,17,1,58.42992131271169,0.0,0,20,0,121.99666833293657,0.0,0,0
17:02,17,2,56.8641461019704,0.0,0,20,0,123.97338661590122,0.0,0,0
17:03,17,3,55.30696604879308,0.0,0,20,0,125.91040413322679,0.0,0,0
17:04,17,4,53.762649275467226,0.0,0,20,0,127.788366846173,0.0,0,0
17:05,17,5,52.23542864692439,0.0,0,20,0,129.58851077208405,0.0,0,0
17:06,17,6,50.72949016875157,0.0,0,20,0,131.2928494679007,0.0,0,0
17:07,17,7,49.248961513640985,0.0,0,20,0,132.8843537447538,0.0,0,0
17:08,17,8,47.79790070772601,0.0,0,20,0,134.34712181799046,0.0,0,0
17:09,17,9,46.38028500781361,0.0,0,20,0,135.66653819254967,0.0,0,0
17:10,17,10,45.0,0.0,0,20,0,136.82941969615794,0.0,0,0
17:11,17,11,43.660828949549185,0.0,0,20,0,137.8241472012287,0.0,0,0
17:12,17,12,42.366442431225806,0.0,0,20,0,138.64078171934452,0.0,0,0
17:13,17,13,41.12038826850488,0.0,0,20,0,139.27116370834386,0.0,0,0
17:14,17,14,39.926081809234255,0.0,0,20,0,139.7089945997692,0.0,0,0
17:15,17,15,38.78679656440357,0.0,0,20,0,139.9498997320811,0.0,0,0
17:16,17,16,37.70565523567818,0.0,0,20,0,139.9914720608301,0.0,0,0
17:17,17,17,36.685621156290864,0.0,0,20,0,139.83329620904937,0.0,0,0
17:18,17,18,35.72949016875158,0.0,0,20,0,139.4769526175639,0.0,0,0
17:19,17,19,34.83988296163728,0.0,0,20,0,138.9260017537483,0.0,0,0
17:20,17,20,34.01923788646685,0.0,0,20,0,138.18594853651365,0.0,0,0
17:21,17,21,33.26980427434897,0.0,0,20,0,137.26418733297749,0.0,0,0
17:22,17,22,32.59363627072197,0.0,0,20,0,136.1699280763918,0.0,0,0
17:23,17,23,31.99258720508395,0.0,0,20,0,134.9141042435344,0.0,0,0
17:24,17,24,31.468304511145394,0.0,0,20,0,133.50926361102302,0.0,0,0
17:25,17,25,31.02222521132795,0.0,0,20,0,131.96944288207914,0.0,0,0
17:26,17,26,30.655571977985833,0.0,0,20,0,130.3100274364293,0.0,0,0
17:27,17,27,30.36934978214587,0.0,0,20,0,128.54759760467658,0.0,0,0
17:28,17,28,30.1643431389518,0.0,0,20,0,126.69976300311811,0.0,0,0
17:29,17,29,30.041113957362782,0.0,0,20,0,124.78498658427965,0.0,0,0
17:30,17,30,30.0,0.0,0,20,0,122.82240016119735,0.0,0,0
17:31,17,31,30.041113957362782,0.0,0,20,0,120.8316132486658,0.0,0,0
17:32,17,32,30.1643431389518,0.0,0,20,0,118.8325171314484,0.0,0,0
17:33,17,33,30.369349782145868,0.0,0,20,0,116.84508611713504,0.0,0,0
17:34,17,34,30.655571977985833,0.0,0,20,0,114.88917795946338,0.0,0,0
17:35,17,35,31.022225211327946,0.0,0,20,0,112.98433544620761,0.0,0,0
17:36,17,36,31.46830451114539,0.0,0,20,0,111.14959113410295,0.0,0,0
17:37,17,37,31.992587205083947,0.0,0,20,0,109.40327718183013,0.0,0,0
17:38,17,38,32.593636270721966,0.0,0,20,0,107.76284218114563,0.0,0,0
17:39,17,39,33.26980427434896,0.0,0,20,0,106.24467681632052,0.0,0,0
17:40,17,40,34.01923788646684,0.0,0,20,0,104.86395009384144,0.0,0,0
17:41,17,41,34.83988296163727,0.0,0,20,0,103.63445777871179,0.0,0,0
17:42,17,42,35.729490168751575,0.0,0,20,0,102.56848455172823,0.0,0,0
17:43,17,43,36.685621156290864,0.0,0,20,0,101.6766812650109,0.0,0,0
17:44,17,44,37.70565523567818,0.0,0,20,0,100.96795852220968,0.0,0,0
17:45,17,45,38.78679656440357,0.0,0,20,0,100.44939764669806,0.0,0,0
17:46,17,46,39.92608180923423,0.0,0,20,0,100.12617992733071,0.0,0,0
17:47,17,47,41.12038826850488,0.0,0,20,0,100.00153484871798,0.0,0,0
17:48,17,48,42.3664424312258,0.0,0,20,0,100.07670782328319,0.0,0,0
17:49,17,49,43.66082894954919,0.0,0,20,0,100.35094774751335,0.0,0,0
17:50,17,50,44.999999999999986,0.0,0,20,0,100.82151450673723,0.0,0,0
17:51,17,51,46.38028500781359,0.0,0,20,0,101.48370635344534,0.0,0,0
17:52,17,52,47.797900707725994,0.0,0,20,0,102.33090688559693,0.0,0,0
17:53,17,53,49.24896151364098,0.0,0,20,0,103.35465115552198,0.0,0,0
17:54,17,54,50.72949016875157,0.0,0,20,0,104.54471024888025,0.0,0,0
17:55,17,55,52.235428646924376,0.0,0,20,0,105.88919348859216,0.0,0,0
17:56,17,56,53.762649275467204,0.0,0,20,0,107.37466724255357,0.0,0,0
17:57,17,57,55.306966048793065,0.0,0,20,0,108.98628914804725,0.0,0,0
17:58,17,58,56.86414610197037,0.0,0,20,0,110.70795641172485,0.0,0,0
17:59,17,59,58.4299213127117,0.0,0,20,0,112.52246670339528,0.0,0,0
18:00,18,0,60.0,1129.9877334978594,0,800,0,120.0,0.0,0,0
18:01,18,1,61.570078687288316,1130.0093699632332,0,250,0,121.99666833293657,0.0,0,0
18:02,18,2,63.1358538980296,1141.5358579933954,0,250,0,123.97338661590122,0.0,0,0
18:03,18,3,64.69303395120693,1122.5917165687886,0,250,0,125.91040413322679,0.0,0,0
18:04,18,4,66.23735072453277,1182.8057469250164,0,250,0,127.788366846173,0.0,0,0
18:05,18,5,67.76457135307562,1180.9564196714668,0,250,0,129.58851077208405,0.0,0,0
18:06,18,6,69.27050983124842,1119.502904899742,0,250,0,131.2928494679007,0.0,0,0
18:07,18,7,70.75103848635901,1111.0469260507598,0,250,0,132.8843537447538,0.0,0,0
18:08,18,8,72.202099292274,1180.705449481602,0,250,0,134.34712181799046,0.0,0,0
18:09,18,9,73.6197149921864,1177.2565151921103,0,250,0,135.66653819254967,0.0,0,0
18:10,18,10,75.0,1101.8909252428218,0,250,0,136.82941969615794,0.0,0,0
18:11,18,11,76.3391710504508,1195.5546750341134,0,250,0,137.8241472012287,0.0,0,0
18:12,18,12,77.6335575687742,1156.5949012649176,0,250,0,138.64078171934452,0.0,0,0
18:13,18,13,78.87961173149512,1165.140178071771,0,250,0,139.27116370834386,0.0,0,0
18:14,18,14,80.07391819076574,1174.1316857149106,0,250,0,139.7089945997692,0.0,0,0
18:15,18,15,81.21320343559643,1172.0706097054672,0,250,0,139.9498997320811,0.0,0,0
18:16,18,16,82.29434476432182,1104.775960593048,0,250,0,139.9914720608301,0.0,0,0
18:17,18,17,83.31437884370912,1101.9693961479318,0,250,0,139.83329620904937,0.0,0,0
18:18,18,18,84.27050983124843,1137.387463046538,0,250,0,139.4769526175639,0.0,0,0
18:19,18,19,85.16011703836271,1150.2352128364118,0,250,0,138.9260017537483,0.0,0,0
18:20,18,20,85.98076211353316,1135.5079311373468,0,250,0,138.18594853651365,0.0,0,0
18:21,18,21,86.73019572565103,1118.100526569958,0,250,0,137.26418733297749,0.0,0,0
18:22,18,22,87.40636372927803,1103.6194389444984,0,250,0,136.1699280763918,0.0,0,0
18:23,18,23,88.00741279491605,1132.3452808936534,0,250,0,134.9141042435344,0.0,0,0
18:24,18,24,88.53169548885461,1184.327804906071,0,250,0,133.50926361102302,0.0,0,0
18:25,18,25,88.97777478867205,1172.9958345843993,0,250,0,131.96944288207914,0.0,0,0
18:26,18,26,89.34442802201417,1169.3817608310128,0,250,0,130.3100274364293,0.0,0,0
18:27,18,27,89.63065021785414,1103.2494595421877,0,250,0,128.54759760467658,0.0,0,0
18:28,18,28,89.8356568610482,1152.6218383820576,0,250,0,126.69976300311811,0.0,0,0
18:29,18,29,89.95888604263722,1133.543724783068,0,250,0,124.78498658427965,0.0,0,0
18:30,18,30,90.0,220.0,0,250,0,122.82240016119735,0.0,0,0
18:31,18,31,89.95888604263722,216.8641461019704,0,250,0,120.8316132486658,0.0,0,0
18:32,18,32,89.83565686104821,213.76264927546723,0,250,0,118.8325171314484,0.0,0,0
18:33,18,33,89.63065021785413,210.72949016875157,0,250,0,116.84508611713504,0.0,0,0
18:34,18,34,89.34442802201417,207.797900707726,0,250,0,114.88917795946338,0.0,0,0
18:35,18,35,88.97777478867205,205.0,0,250,0,112.98433544620761,0.0,0,0
18:36,18,36,88.53169548885461,202.3664424312258,0,250,0,111.14959113410295,0.0,0,0
18:37,18,37,88.00741279491605,199.92608180923426,0,250,0,109.40327718183013,0.0,0,0
18:38,18,38,87.40636372927803,197.7056552356782,0,250,0,107.76284218114563,0.0,0,0
18:39,18,39,86.73019572565104,195.72949016875157,0,250,0,106.24467681632052,0.0,0,0
18:40,18,40,85.98076211353316,194.01923788646684,0,250,0,104.86395009384144,0.0,0,0
18:41,18,41,85.16011703836271,192.59363627072196,0,250,0,103.63445777871179,0.0,0,0
18:42,18,42,84.27050983124843,191.4683045111454,0,250,0,102.56848455172823,0.0,0,0
18:43,18,43,83.31437884370914,190.65557197798583,0,250,0,101.6766812650109,0.0,0,0
18:44,18,44,82.29434476432183,190.1643431389518,0,250,0,100.96795852220968,0.0,0,0
18:45,18,45,81.21320343559643,190.0,0,250,0,100.44939764669806,0.0,0,0
18:46,18,46,80.07391819076574,190.1643431389518,0,250,0,100.12617992733071,0.0,0,0
18:47,18,47,78.87961173149512,190.65557197798583,0,250,0,100.00153484871798,0.0,0,0
18:48,18,48,77.6335575687742,191.4683045111454,0,250,0,100.07670782328319,0.0,0,0
18:49,18,49,76.33917105045082,192.59363627072196,0,250,0,100.35094774751335,0.0,0,0
18:50,18,50,75.0,194.01923788646684,0,250,0,100.82151450673723,0.0,0,0
18:51,18,51,73.6197149921864,195.72949016875157,0,250,0,101.48370635344534,0.0,0,0
18:52,18,52,72.202099292274,197.7056552356782,0,250,0,102.33090688559693,0.0,0,0
18:53,18,53,70.75103848635902,199.92608180923423,0,250,0,103.35465115552198,0.0,0,0
18:54,18,54,69.27050983124843,202.3664424312258,0,250,0,104.54471024888025,0.0,0,0
18:55,18,55,67.76457135307562,205.0,0,250,0,105.88919348859216,0.0,0,0
18:56,18,56,66.23735072453277,207.797900707726,0,250,0,107.37466724255357,0.0,0,0
18:57,18,57,64.69303395120693,210.72949016875157,0,250,0,108.98628914804725,0.0,0,0
18:58,18,58,63.13585389802961,213.7626492754672,0,250,0,110.70795641172485,0.0,0,0
18:59,18,59,61.57007868728833,216.86414610197036,0,250,0,112.52246670339528,0.0,0,0
19:00,19,0,60.00000000000001,220.0,0,250,700,232.64372784523695,0.0,0,0
19:01,19,1,58.42992131271169,223.1358538980296,0,250,700,213.34057364006495,0.0,0,0
19:02,19,2,56.8641461019704,226.23735072453277,0,250,700,209.35692248693394,0.0,0,0
19:03,19,3,55.30696604879308,229.27050983124843,0,250,700,204.5884529039399,0.0,0,0
19:04,19,4,53.762649275467226,232.202099292274,0,250,700,229.8693151108887,0.0,0,0
19:05,19,5,52.23542864692439,235.0,0,250,700,202.12440819291135,0.0,0,0
19:06,19,6,50.72949016875157,237.6335575687742,0,250,700,238.48375565014982,0.0,0,0
19:07,19,7,49.248961513640985,240.07391819076574,0,250,700,213.85002302825205,0.0,0,0
19:08,19,8,47.79790070772601,242.29434476432183,0,250,700,212.44368928630746,0.0,0,0
19:09,19,9,46.38028500781361,244.27050983124843,0,250,700,213.91041631166397,0.0,0,0
19:10,19,10,45.0,245.98076211353316,0,250,700,239.98294337706233,0.0,0,0
19:11,19,11,43.660828949549185,247.40636372927804,0,250,700,208.80160327890587,0.0,0,0
19:12,19,12,42.366442431225806,248.5316954888546,0,250,700,200.20174323093016,0.0,0,0
19:13,19,13,41.12038826850488,249.34442802201417,0,250,700,209.0115841906409,0.0,0,0
19:14,19,14,39.926081809234255,249.8356568610482,0,250,700,205.9308815498615,0.0,0,0
19:15,19,15,38.78679656440357,250.0,0,250,700,234.8585694476267,0.0,0,0
19:16,19,16,37.70565523567818,249.8356568610482,0,250,700,234.4953523154928,0.0,0,0
19:17,19,17,36.685621156290864,249.34442802201417,0,250,700,218.54374164330565,0.0,0,0
19:18,19,18,35.72949016875158,248.5316954888546,0,250,700,237.6002887326319,0.0,0,0
19:19,19,19,34.83988296163728,247.40636372927804,0,250,700,239.57417778860054,0.0,0,0
19:20,19,20,34.01923788646685,245.98076211353316,0,250,700,223.29937663639626,0.0,0,0
19:21,19,21,33.26980427434897,244.27050983124843,0,250,700,224.8193880201419,0.0,0,0
19:22,19,22,32.59363627072197,242.29434476432183,0,250,700,225.5672000602339,0.0,0,0
19:23,19,23,31.99258720508395,240.07391819076574,0,250,700,206.09308550143263,0.0,0,0
19:24,19,24,31.468304511145394,237.6335575687742,0,250,700,205.2759935376116,0.0,0,0
19:25,19,25,31.02222521132795,235.0,0,250,700,202.19945100706857,0.0,0,0
19:26,19,26,30.655571977985833,232.202099292274,0,250,700,208.46136995895762,0.0,0,0
19:27,19,27,30.36934978214587,229.27050983124843,0,250,700,234.32046953101133,0.0,0,0
19:28,19,28,30.1643431389518,226.23735072453277,0,250,700,210.0829667685024,0.0,0,0
19:29,19,29,30.041113957362782,223.1358538980296,0,250,700,235.85800797276863,0.0,0,0
19:30,19,30,30.0,220.0,0,250,700,226.9578577424802,0.0,0,0
19:31,19,31,30.041113957362782,216.8641461019704,0,250,700,228.21065119140295,0.0,0,0
19:32,19,32,30.1643431389518,213.76264927546723,0,250,700,232.7973500677221,0.0,0,0
19:33,19,33,30.369349782145868,210.72949016875157,0,250,700,222.7015856301424,0.0,0,0
19:34,19,34,30.655571977985833,207.797900707726,0,250,700,214.33457080413189,0.0,0,0
19:35,19,35,31.022225211327946,205.0,0,250,700,223.80343443182971,0.0,0,0
19:36,19,36,31.46830451114539,202.3664424312258,0,250,700,236.00848295667782,0.0,0,0
19:37,19,37,31.992587205083947,199.92608180923426,0,250,700,214.24315502275297,0.0,0,0
19:38,19,38,32.593636270721966,197.7056552356782,0,250,700,209.79725390400176,0.0,0,0
19:39,19,39,33.26980427434896,195.72949016875157,0,250,700,206.00184697160503,0.0,0,0
19:40,19,40,34.01923788646684,194.01923788646684,0,250,700,226.6153563951147,0.0,0,0
19:41,19,41,34.83988296163727,192.59363627072196,0,250,700,214.28687189743627,0.0,0,0
19:42,19,42,35.729490168751575,191.4683045111454,0,250,700,202.35927854824845,0.0,0,0
19:43,19,43,36.685621156290864,190.65557197798583,0,250,700,207.64547984730976,0.0,0,0
19:44,19,44,37.70565523567818,190.1643431389518,0,250,700,231.51243385014754,0.0,0,0
19:45,19,45,38.78679656440357,190.0,0,250,700,204.43924858068647,0.0,0,0
19:46,19,46,39.92608180923423,190.1643431389518,0,250,700,223.6633914323982,0.0,0,0
19:47,19,47,41.12038826850488,190.65557197798583,0,250,700,228.402775587396,0.0,0,0
19:48,19,48,42.3664424312258,191.4683045111454,0,250,700,232.27993323304085,0.0,0,0
19:49,19,49,43.66082894954919,192.59363627072196,0,250,700,216.03580126763944,0.0,0,0
19:50,19,50,44.999999999999986,194.01923788646684,0,250,700,203.8472970378823,0.0,0,0
19:51,19,51,46.38028500781359,195.72949016875157,0,250,700,209.98659682254507,0.0,0,0
19:52,19,52,47.797900707725994,197.7056552356782,0,250,700,202.092682710017,0.0,0,0
19:53,19,53,49.24896151364098,199.92608180923423,0,250,700,212.28068960865718,0.0,0,0
19:54,19,54,50.72949016875157,202.3664424312258,0,250,700,209.7384953172023,0.0,0,0
19:55,19,55,52.235428646924376,205.0,0,250,700,224.85772217573023,0.0,0,0
19:56,19,56,53.762649275467204,207.797900707726,0,250,700,210.81523439981964,0.0,0,0
19:57,19,57,55.306966048793065,210.72949016875157,0,250,700,203.24189941030622,0.0,0,0
19:58,19,58,56.86414610197037,213.7626492754672,0,250,700,238.65146679820313,0.0,0,0
19:59,19,59,58.4299213127117,216.86414610197036,0,250,700,238.65252207714522,0.0,0,0
20:00,20,0,60.0,220.0,4000,20,700,228.21713877470933,0.0,0,400
20:01,20,1,61.570078687288316,223.1358538980296,4000,20,700,211.17319658783057,0.0,0,400
20:02,20,2,63.1358538980296,226.23735072453277,4000,20,700,230.05155707651244,0.0,0,400
20:03,20,3,64.69303395120693,229.27050983124843,4000,20,700,205.18022055280292,0.0,0,0
20:04,20,4,66.23735072453277,232.202099292274,4000,20,700,227.83574717458856,0.0,0,0
20:05,20,5,67.76457135307562,235.0,4000,20,700,204.26862772106952,0.0,0,400
20:06,20,6,69.27050983124842,237.6335575687742,4000,20,700,208.46536548840407,0.0,0,400
20:07,20,7,70.75103848635901,240.07391819076574,4000,20,700,222.12340550334972,0.0,0,400
20:08,20,8,72.202099292274,242.29434476432183,4000,20,700,228.47610792407534,0.0,0,0
20:09,20,9,73.6197149921864,244.27050983124843,4000,20,700,208.2483440385662,0.0,0,0
20:10,20,10,75.0,245.98076211353316,4000,20,700,239.21364109855682,0.0,0,400
20:11,20,11,76.3391710504508,247.40636372927804,4000,20,700,237.82703805344724,0.0,0,400
20:12,20,12,77.6335575687742,248.5316954888546,4000,20,700,220.95675578687587,0.0,0,400
20:13,20,13,78.87961173149512,249.34442802201417,4000,20,700,223.88932198927296,0.0,0,0
20:14,20,14,80.07391819076574,249.8356568610482,4000,20,700,225.89808288557785,0.0,0,0
20:15,20,15,81.21320343559643,250.0,4000,20,700,220.857195654262,0.0,0,400
20:16,20,16,82.29434476432182,249.8356568610482,4000,20,700,218.2888077473774,0.0,0,400
20:17,20,17,83.31437884370912,249.34442802201417,4000,20,700,233.86733086293918,0.0,0,400
20:18,20,18,84.27050983124843,248.5316954888546,4000,20,700,206.37448707322545,0.0,0,0
20:19,20,19,85.16011703836271,247.40636372927804,4000,20,700,215.34598397803077,0.0,0,0
20:20,20,20,85.98076211353316,245.98076211353316,4000,20,700,206.78481186417184,0.0,0,400
20:21,20,21,86.73019572565103,244.27050983124843,4000,20,700,232.9004656403983,0.0,0,400
20:22,20,22,87.40636372927803,242.29434476432183,4000,20,700,224.7794153933982,0.0,0,400
20:23,20,23,88.00741279491605,240.07391819076574,4000,20,700,229.90778537222118,0.0,0,0
20:24,20,24,88.53169548885461,237.6335575687742,4000,20,700,211.22423083539405,0.0,0,0
20:25,20,25,88.97777478867205,235.0,4000,20,700,209.20082049102595,0.0,0,400
20:26,20,26,89.34442802201417,232.202099292274,4000,20,700,224.39314381391065,0.0,0,400
20:27,20,27,89.63065021785414,229.27050983124843,4000,20,700,203.44955342321623,0.0,0,400
20:28,20,28,89.8356568610482,226.23735072453277,4000,20,700,218.7073417698556,0.0,0,0
20:29,20,29,89.95888604263722,223.1358538980296,4000,20,700,201.89095205428234,0.0,0,0
20:30,20,30,90.0,220.0,4000,20,700,211.9741938289065,0.0,0,400
20:31,20,31,89.95888604263722,216.8641461019704,4000,20,0,213.29939996071028,0.0,0,400
20:32,20,32,89.83565686104821,213.76264927546723,4000,20,0,208.6279328924531,0.0,0,400
20:33,20,33,89.63065021785413,210.72949016875157,4000,20,0,215.33866343877668,0.0,0,0
20:34,20,34,89.34442802201417,207.797900707726,4000,20,0,206.12651279167005,0.0,0,0
20:35,20,35,88.97777478867205,205.0,4000,20,0,219.49105103734007,0.0,0,400
20:36,20,36,88.53169548885461,202.3664424312258,4000,20,0,208.17432978546773,0.0,0,400
20:37,20,37,88.00741279491605,199.92608180923426,4000,20,0,221.30242234865582,0.0,0,400
20:38,20,38,87.40636372927803,197.7056552356782,4000,20,0,202.9141676441634,0.0,0,0
20:39,20,39,86.73019572565104,195.72949016875157,4000,20,0,200.46559605010387,0.0,0,0
20:40,20,40,85.98076211353316,194.01923788646684,4000,20,0,224.43413277161244,0.0,0,400
20:41,20,41,85.16011703836271,192.59363627072196,4000,20,0,239.71413192141256,0.0,0,400
20:42,20,42,84.27050983124843,191.4683045111454,4000,20,0,213.9959792319944,0.0,0,400
20:43,20,43,83.31437884370914,190.65557197798583,4000,20,0,222.16056492346257,0.0,0,0
20:44,20,44,82.29434476432183,190.1643431389518,4000,20,0,206.8533665175079,0.0,0,0
20:45,20,45,81.21320343559643,190.0,4000,20,0,202.33781150605185,0.0,0,400
20:46,20,46,80.07391819076574,190.1643431389518,4000,20,0,214.32751688373494,0.0,0,400
20:47,20,47,78.87961173149512,190.65557197798583,4000,20,0,214.17734921211422,0.0,0,400
20:48,20,48,77.6335575687742,191.4683045111454,4000,20,0,207.8468627950866,0.0,0,0
20:49,20,49,76.33917105045082,192.59363627072196,4000,20,0,210.0960413638511,0.0,0,0
20:50,20,50,75.0,194.01923788646684,4000,20,0,218.26377163725763,0.0,0,400
20:51,20,51,73.6197149921864,195.72949016875157,4000,20,0,225.6483011756953,0.0,0,400
20:52,20,52,72.202099292274,197.7056552356782,4000,20,0,225.84725344801163,0.0,0,400
20:53,20,53,70.75103848635902,199.92608180923423,4000,20,0,217.5334529212278,0.0,0,0
20:54,20,54,69.27050983124843,202.3664424312258,4000,20,0,201.6191095895111,0.0,0,0
20:55,20,55,67.76457135307562,205.0,4000,20,0,233.25369815218713,0.0,0,400
20:56,20,56,66.23735072453277,207.797900707726,4000,20,0,225.40028360454656,0.0,0,400
20:57,20,57,64.69303395120693,210.72949016875157,4000,20,0,230.91284988078667,0.0,0,400
20:58,20,58,63.13585389802961,213.7626492754672,4000,20,0,204.20036279361747,0.0,0,0
20:59,20,59,61.57007868728833,216.86414610197036,4000,20,0,221.35801432241846,0.0,0,0
21:00,21,0,60.00000000000001,220.0,4000,20,0,228.74147207116317,0.0,0,400
21:01,21,1,58.42992131271169,223.1358538980296,4000,20,0,222.17228225815867,0.0,0,400
21:02,21,2,56.8641461019704,226.23735072453277,4000,20,0,215.2116402168103,0.0,0,400
21:03,21,3,55.30696604879308,229.27050983124843,4000,20,0,207.6394996589483,0.0,0,0
21:04,21,4,53.762649275467226,232.202099292274,4000,20,0,215.0861067517716,0.0,0,0
21:05,21,5,52.23542864692439,235.0,4000,20,0,234.95867642140848,0.0,0,400
21:06,21,6,50.72949016875157,237.6335575687742,4000,20,0,215.23704376645145,0.0,0,400
21:07,21,7,49.248961513640985,240.07391819076574,4000,20,0,211.3293794342649,0.0,0,400
21:08,21,8,47.79790070772601,242.29434476432183,4000,20,0,233.91566992604936,0.0,0,0
21:09,21,9,46.38028500781361,244.27050983124843,4000,20,0,206.5385964063019,0.0,0,0
21:10,21,10,45.0,245.98076211353316,4000,20,0,207.6966939380368,0.0,0,400
21:11,21,11,43.660828949549185,247.40636372927804,4000,20,0,206.57905344995126,0.0,0,400
21:12,21,12,42.366442431225806,248.5316954888546,4000,20,0,237.09963955065567,0.0,0,400
21:13,21,13,41.12038826850488,249.34442802201417,4000,20,0,224.68875278184748,0.0,0,0
21:14,21,14,39.926081809234255,249.8356568610482,4000,20,0,239.87495617489745,0.0,0,0
21:15,21,15,38.78679656440357,250.0,4000,20,0,208.98077825996566,0.0,0,400
21:16,21,16,37.70565523567818,249.8356568610482,4000,20,0,225.14617948217796,0.0,0,400
21:17,21,17,36.685621156290864,249.34442802201417,4000,20,0,223.90055541388932,0.0,0,400
21:18,21,18,35.72949016875158,248.5316954888546,4000,20,0,200.7103429022241,0.0,0,0
21:19,21,19,34.83988296163728,247.40636372927804,4000,20,0,208.19495623067021,0.0,0,0
21:20,21,20,34.01923788646685,245.98076211353316,4000,20,0,204.87220488214982,0.0,0,400
21:21,21,21,33.26980427434897,244.27050983124843,4000,20,0,227.93076685884256,0.0,0,400
21:22,21,22,32.59363627072197,242.29434476432183,4000,20,0,212.3565041351846,0.0,0,400
21:23,21,23,31.99258720508395,240.07391819076574,4000,20,0,225.27951587718445,0.0,0,0
21:24,21,24,31.468304511145394,237.6335575687742,4000,20,0,220.26930773452085,0.0,0,0
21:25,21,25,31.02222521132795,235.0,4000,20,0,231.65919694546756,0.0,0,400
21:26,21,26,30.655571977985833,232.202099292274,4000,20,0,216.45752841280768,0.0,0,400
21:27,21,27,30.36934978214587,229.27050983124843,4000,20,0,216.05497930094057,0.0,0,400
21:28,21,28,30.1643431389518,226.23735072453277,4000,20,0,203.809964937474,0.0,0,0
21:29,21,29,30.041113957362782,223.1358538980296,4000,20,0,207.43397668398762,0.0,0,0
21:30,21,30,30.0,220.0,4000,20,0,205.85637208187532,0.0,0,400
21:31,21,31,30.041113957362782,216.8641461019704,0,20,0,225.46607397636265,0.0,0,0
21:32,21,32,30.1643431389518,213.76264927546723,0,20,0,208.63724954803138,0.0,0,0
21:33,21,33,30.369349782145868,210.72949016875157,0,20,0,217.77444975740573,0.0,0,0
21:34,21,34,30.655571977985833,207.797900707726,0,20,0,206.60588425215388,0.0,0,0
21:35,21,35,31.022225211327946,205.0,0,20,0,223.53714294850693,0.0,0,0
21:36,21,36,31.46830451114539,202.3664424312258,0,20,0,239.6594543273533,0.0,0,0
21:37,21,37,31.992587205083947,199.92608180923426,0,20,0,233.26407431143033,0.0,0,0
21:38,21,38,32.593636270721966,197.7056552356782,0,20,0,221.36099510560962,0.0,0,0
21:39,21,39,33.26980427434896,195.72949016875157,0,20,0,236.22868101279764,0.0,0,0
21:40,21,40,34.01923788646684,194.01923788646684,0,20,0,230.34340127060176,0.0,0,0
21:41,21,41,34.83988296163727,192.59363627072196,0,20,0,200.3326224309751,0.0,0,0
21:42,21,42,35.729490168751575,191.4683045111454,0,20,0,232.836690227706,0.0,0,0
21:43,21,43,36.685621156290864,190.65557197798583,0,20,0,205.2127368211764,0.0,0,0
21:44,21,44,37.70565523567818,190.1643431389518,0,20,0,201.29818207618686,0.0,0,0
21:45,21,45,38.78679656440357,190.0,0,20,0,226.18983881440727,0.0,0,0
21:46,21,46,39.92608180923423,190.1643431389518,0,20,0,203.57047068476848,0.0,0,0
21:47,21,47,41.12038826850488,190.65557197798583,0,20,0,227.5885030986329,0.0,0,0
21:48,21,48,42.3664424312258,191.4683045111454,0,20,0,238.06634417098365,0.0,0,0
21:49,21,49,43.66082894954919,192.59363627072196,0,20,0,227.66270050985116,0.0,0,0
21:50,21,50,44.999999999999986,194.01923788646684,0,20,0,220.10688216028763,0.0,0,0
21:51,21,51,46.38028500781359,195.72949016875157,0,20,0,237.86782962971137,0.0,0,0
21:52,21,52,47.797900707725994,197.7056552356782,0,20,0,236.67524983269104,0.0,0,0
21:53,21,53,49.24896151364098,199.92608180923423,0,20,0,206.9422347766505,0.0,0,0
21:54,21,54,50.72949016875157,202.3664424312258,0,20,0,233.49555779908903,0.0,0,0
21:55,21,55,52.235428646924376,205.0,0,20,0,236.99577698451589,0.0,0,0
21:56,21,56,53.762649275467204,207.797900707726,0,20,0,235.28994949091566,0.0,0,0
21:57,21,57,55.306966048793065,210.72949016875157,0,20,0,207.6115322381844,0.0,0,0
21:58,21,58,56.86414610197037,213.7626492754672,0,20,0,226.41096668520265,0.0,0,0
21:59,21,59,58.4299213127117,216.86414610197036,0,20,0,211.6319231645213,0.0,0,0
22:00,22,0,60.0,220.0,0,20,0,235.051762591998,0.0,1850,0
22:01,22,1,61.570078687288316,223.1358538980296,0,20,0,225.78855723040408,0.0,370,0
22:02,22,2,63.1358538980296,226.23735072453277,0,20,0,223.93190159941088,0.0,370,0
22:03,22,3,64.69303395120693,229.27050983124843,0,20,0,221.46414632916728,0.0,370,0
22:04,22,4,66.23735072453277,232.202099292274,0,20,0,202.8504105784686,0.0,370,0
22:05,22,5,67.76457135307562,235.0,0,20,0,201.85471796703067,0.0,370,0
22:06,22,6,69.27050983124842,237.6335575687742,0,20,0,234.34008758466894,0.0,370,0
22:07,22,7,70.75103848635901,240.07391819076574,0,20,0,214.67895156451726,0.0,370,0
22:08,22,8,72.202099292274,242.29434476432183,0,20,0,206.0409358363425,0.0,370,0
22:09,22,9,73.6197149921864,244.27050983124843,0,20,0,220.34014057606157,0.0,370,0
22:10,22,10,75.0,245.98076211353316,0,20,0,225.50359168503948,0.0,370,0
22:11,22,11,76.3391710504508,247.40636372927804,0,20,0,236.9493304711133,0.0,370,0
22:12,22,12,77.6335575687742,248.5316954888546,0,20,0,230.42700822076455,0.0,370,0
22:13,22,13,78.87961173149512,249.34442802201417,0,20,0,238.9683682242104,0.0,370,0
22:14,22,14,80.07391819076574,249.8356568610482,0,20,0,228.1424390282448,0.0,370,0
22:15,22,15,81.21320343559643,250.0,0,20,0,206.25937289416743,0.0,370,0
22:16,22,16,82.29434476432182,249.8356568610482,0,20,0,219.0161657196121,0.0,370,0
22:17,22,17,83.31437884370912,249.34442802201417,0,20,0,236.59093108295744,0.0,370,0
22:18,22,18,84.27050983124843,248.5316954888546,0,20,0,206.3831492911719,0.0,370,0
22:19,22,19,85.16011703836271,247.40636372927804,0,20,0,210.3418477583597,0.0,370,0
22:20,22,20,85.98076211353316,245.98076211353316,0,20,0,213.26694651082477,0.0,370,0
22:21,22,21,86.73019572565103,244.27050983124843,0,20,0,211.86019362983507,0.0,370,0
22:22,22,22,87.40636372927803,242.29434476432183,0,20,0,218.49862687648584,0.0,370,0
22:23,22,23,88.00741279491605,240.07391819076574,0,20,0,226.83696643523302,0.0,370,0
22:24,22,24,88.53169548885461,237.6335575687742,0,20,0,215.50915008742908,0.0,370,0
22:25,22,25,88.97777478867205,235.0,0,20,0,238.62959947989603,0.0,370,0
22:26,22,26,89.34442802201417,232.202099292274,0,20,0,206.58351195167742,0.0,370,0
22:27,22,27,89.63065021785414,229.27050983124843,0,20,0,203.99208209458567,0.0,370,0
22:28,22,28,89.8356568610482,226.23735072453277,0,20,0,217.7048157782756,0.0,370,0
22:29,22,29,89.95888604263722,223.1358538980296,0,20,0,213.72764589996547,0.0,370,0
22:30,22,30,90.0,220.0,0,20,0,234.42502459400583,0.0,0,0
22:31,22,31,89.95888604263722,216.8641461019704,0,20,0,236.7324959928099,0.0,0,0
22:32,22,32,89.83565686104821,213.76264927546723,0,20,0,201.71986993881106,0.0,0,0
22:33,22,33,89.63065021785413,210.72949016875157,0,20,0,231.12542773032797,0.0,0,0
22:34,22,34,89.34442802201417,207.797900707726,0,20,0,234.4995523103293,0.0,0,0
22:35,22,35,88.97777478867205,205.0,0,20,0,205.65843544565126,0.0,0,0
22:36,22,36,88.53169548885461,202.3664424312258,0,20,0,223.97418269081138,0.0,0,0
22:37,22,37,88.00741279491605,199.92608180923426,0,20,0,206.01300390080976,0.0,0,0
22:38,22,38,87.40636372927803,197.7056552356782,0,20,0,221.3056070026969,0.0,0,0
22:39,22,39,86.73019572565104,195.72949016875157,0,20,0,216.487258177303,0.0,0,0
22:40,22,40,85.98076211353316,194.01923788646684,0,20,0,231.86010511450414,0.0,0,0
22:41,22,41,85.16011703836271,192.59363627072196,0,20,0,201.3058467754456,0.0,0,0
22:42,22,42,84.27050983124843,191.4683045111454,0,20,0,239.35685081399623,0.0,0,0
22:43,22,43,83.31437884370914,190.65557197798583,0,20,0,226.0285324985446,0.0,0,0
22:44,22,44,82.29434476432183,190.1643431389518,0,20,0,208.62779966483743,0.0,0,0
22:45,22,45,81.21320343559643,190.0,0,20,0,203.81391021262743,0.0,0,0
22:46,22,46,80.07391819076574,190.1643431389518,0,20,0,228.6053967968095,0.0,0,0
22:47,22,47,78.87961173149512,190.65557197798583,0,20,0,218.91732268244175,0.0,0,0
22:48,22,48,77.6335575687742,191.4683045111454,0,20,0,204.40431582925385,0.0,0,0
22:49,22,49,76.33917105045082,192.59363627072196,0,20,0,231.73689574160164,0.0,0,0
22:50,22,50,75.0,194.01923788646684,0,20,0,211.54938644582694,0.0,0,0
22:51,22,51,73.6197149921864,195.72949016875157,0,20,0,214.43789158625506,0.0,0,0
22:52,22,52,72.202099292274,197.7056552356782,0,20,0,220.67050432764808,0.0,0,0
22:53,22,53,70.75103848635902,199.92608180923423,0,20,0,212.60321836209934,0.0,0,0
22:54,22,54,69.27050983124843,202.3664424312258,0,20,0,222.38577922283838,0.0,0,0
22:55,22,55,67.76457135307562,205.0,0,20,0,217.65603368056964,0.0,0,0
22:56,22,56,66.23735072453277,207.797900707726,0,20,0,221.45191606644093,0.0,0,0
22:57,22,57,64.69303395120693,210.72949016875157,0,20,0,225.50460580831822,0.0,0,0
22:58,22,58,63.13585389802961,213.7626492754672,0,20,0,214.43025012367758,0.0,0,0
22:59,22,59,61.57007868728833,216.86414610197036,0,20,0,230.12790671983086,0.0,0,0
23:00,23,0,60.00000000000001,220.0,0,20,0,47.49025327799124,0.0,0,0
23:01,23,1,58.42992131271169,223.1358538980296,0,20,0,46.91154214393634,0.0,0,0
23:02,23,2,56.8641461019704,226.23735072453277,0,20,0,48.34466786087256,0.0,0,0
23:03,23,3,55.30696604879308,229.27050983124843,0,20,0,47.07341977654946,0.0,0,0
23:04,23,4,53.762649275467226,232.202099292274,0,20,0,48.419475036492244,0.0,0,0
23:05,23,5,52.23542864692439,235.0,0,20,0,43.75079990721416,0.0,0,0
23:06,23,6,50.72949016875157,237.6335575687742,0,20,0,49.84787145261568,0.0,0,0
23:07,23,7,49.248961513640985,240.07391819076574,0,20,0,47.478248342181246,0.0,0,0
23:08,23,8,47.79790070772601,242.29434476432183,0,20,0,48.68052358892558,0.0,0,0
23:09,23,9,46.38028500781361,244.27050983124843,0,20,0,49.10724995099589,0.0,0,0
23:10,23,10,45.0,245.98076211353316,0,20,0,48.36575539551335,0.0,0,0
23:11,23,11,43.660828949549185,247.40636372927804,0,20,0,41.05176132858505,0.0,0,0
23:12,23,12,42.366442431225806,248.5316954888546,0,20,0,45.588286900756955,0.0,0,0
23:13,23,13,41.12038826850488,249.34442802201417,0,20,0,41.01079975867403,0.0,0,0
23:14,23,14,39.926081809234255,249.8356568610482,0,20,0,45.455545853755474,0.0,0,0
23:15,23,15,38.78679656440357,250.0,0,20,0,41.44199612880753,0.0,0,0
23:16,23,16,37.70565523567818,249.8356568610482,0,20,0,41.192396103230514,0.0,0,0
23:17,23,17,36.685621156290864,249.34442802201417,0,20,0,40.52637635371564,0.0,0,0
23:18,23,18,35.72949016875158,248.5316954888546,0,20,0,44.93397911896666,0.0,0,0
23:19,23,19,34.83988296163728,247.40636372927804,0,20,0,40.360016166070444,0.0,0,0
23:20,23,20,34.01923788646685,245.98076211353316,0,20,0,47.415886532842705,0.0,0,0
23:21,23,21,33.26980427434897,244.27050983124843,0,20,0,49.132499817933834,0.0,0,0
23:22,23,22,32.59363627072197,242.29434476432183,0,20,0,45.70718793522883,0.0,0,0
23:23,23,23,31.99258720508395,240.07391819076574,0,20,0,40.233653316077366,0.0,0,0
23:24,23,24,31.468304511145394,237.6335575687742,0,20,0,48.84086543701491,0.0,0,0
23:25,23,25,31.02222521132795,235.0,0,20,0,44.258556544533405,0.0,0,0
23:26,23,26,30.655571977985833,232.202099292274,0,20,0,47.64802873869628,0.0,0,0
23:27,23,27,30.36934978214587,229.27050983124843,0,20,0,49.07092987754251,0.0,0,0
23:28,23,28,30.1643431389518,226.23735072453277,0,20,0,40.03796352420926,0.0,0,0
23:29,23,29,30.041113957362782,223.1358538980296,0,20,0,45.20470286043789,0.0,0,0
23:30,23,30,30.0,220.0,0,20,0,46.866797106762704,0.0,0,0
23:31,23,31,30.041113957362782,216.8641461019704,0,20,0,46.24780705818401,0.0,0,0
23:32,23,32,30.1643431389518,213.76264927546723,0,20,0,45.79821571586634,0.0,0,0
23:33,23,33,30.369349782145868,210.72949016875157,0,20,0,40.14724275619733,0.0,0,0
23:34,23,34,30.655571977985833,207.797900707726,0,20,0,48.73422286175085,0.0,0,0
23:35,23,35,31.022225211327946,205.0,0,20,0,47.65188819409971,0.0,0,0
23:36,23,36,31.46830451114539,202.3664424312258,0,20,0,46.47836066325134,0.0,0,0
23:37,23,37,31.992587205083947,199.92608180923426,0,20,0,44.07292559867109,0.0,0,0
23:38,23,38,32.593636270721966,197.7056552356782,0,20,0,49.248349356458036,0.0,0,0
23:39,23,39,33.26980427434896,195.72949016875157,0,20,0,49.26054483263199,0.0,0,0
23:40,23,40,34.01923788646684,194.01923788646684,0,20,0,41.26722196351415,0.0,0,0
23:41,23,41,34.83988296163727,192.59363627072196,0,20,0,48.80222018304362,0.0,0,0
23:42,23,42,35.729490168751575,191.4683045111454,0,20,0,49.600612118702415,0.0,0,0
23:43,23,43,36.685621156290864,190.65557197798583,0,20,0,49.429227151695855,0.0,0,0
23:44,23,44,37.70565523567818,190.1643431389518,0,20,0,49.8957400309359,0.0,0,0
23:45,23,45,38.78679656440357,190.0,0,20,0,49.150865628863826,0.0,0,0
23:46,23,46,39.92608180923423,190.1643431389518,0,20,0,47.12331799320966,0.0,0,0
23:47,23,47,41.12038826850488,190.65557197798583,0,20,0,47.58351793371659,0.0,0,0
23:48,23,48,42.3664424312258,191.4683045111454,0,20,0,46.22784154757311,0.0,0,0
23:49,23,49,43.66082894954919,192.59363627072196,0,20,0,49.45143442296556,0.0,0,0
23:50,23,50,44.999999999999986,194.01923788646684,0,20,0,43.30309424760168,0.0,0,0
23:51,23,51,46.38028500781359,195.72949016875157,0,20,0,43.9309998413371,0.0,0,0
23:52,23,52,47.797900707725994,197.7056552356782,0,20,0,46.66004517407538,0.0,0,0
23:53,23,53,49.24896151364098,199.92608180923423,0,20,0,48.71768667793704,0.0,0,0
23:54,23,54,50.72949016875157,202.3664424312258,0,20,0,40.82497445811374,0.0,0,0
23:55,23,55,52.235428646924376,205.0,0,20,0,48.19596283500495,0.0,0,0
23:56,23,56,53.762649275467204,207.797900707726,0,20,0,49.68190929580863,0.0,0,0
23:57,23,57,55.306966048793065,210.72949016875157,0,20,0,47.980459616230746,0.0,0,0
23:58,23,58,56.86414610197037,213.7626492754672,0,20,0,43.293128602689976,0.0,0,0
23:59,23,59,58.4299213127117,216.86414610197036,0,20,0,43.64876627445931,0.0,0,0
